query_id,question_type,strategy,mode,context_precision@5,context_recall@5,top5_jaccard_overlap
auto-V-10-Q-2025-07-30-2,deep context,fixed,vector,0.2,0.5,0.765
auto-V-10-Q-2025-07-30-2,deep context,fixed,bm25,0.4,1.0,0.617
auto-V-10-Q-2025-07-30-2,deep context,fixed,hybrid,0.4,1.0,0.66
auto-V-10-Q-2025-07-30-2,deep context,fixed,hybrid+rerank,0.2,0.5,0.47
auto-V-10-Q-2025-07-30-2,deep context,section,vector,0.2,0.5,0.633
auto-V-10-Q-2025-07-30-2,deep context,section,bm25,0.2,0.5,0.608
auto-V-10-Q-2025-07-30-2,deep context,section,hybrid,0.2,0.5,0.578
auto-V-10-Q-2025-07-30-2,deep context,section,hybrid+rerank,0.2,0.5,0.608
auto-V-10-Q-2025-07-30-2,deep context,semantic,vector,0.2,1.0,0.454
auto-V-10-Q-2025-07-30-2,deep context,semantic,bm25,0.2,1.0,0.575
auto-V-10-Q-2025-07-30-2,deep context,semantic,hybrid,0.2,1.0,0.454
auto-V-10-Q-2025-07-30-2,deep context,semantic,hybrid+rerank,0.2,1.0,0.575
auto-V-10-Q-2025-07-30-2,deep context,hierarchical,vector,0.2,1.0,0.454
auto-V-10-Q-2025-07-30-2,deep context,hierarchical,bm25,0.2,1.0,0.575
auto-V-10-Q-2025-07-30-2,deep context,hierarchical,hybrid,0.2,1.0,0.575
auto-V-10-Q-2025-07-30-2,deep context,hierarchical,hybrid+rerank,0.2,1.0,0.575
auto-V-8-K-2025-08-08-5,simple fact,fixed,vector,0.4,1.0,0.243
auto-V-8-K-2025-08-08-5,simple fact,fixed,bm25,0.4,1.0,0.326
auto-V-8-K-2025-08-08-5,simple fact,fixed,hybrid,0.4,1.0,0.231
auto-V-8-K-2025-08-08-5,simple fact,fixed,hybrid+rerank,0.4,1.0,0.201
auto-V-8-K-2025-08-08-5,simple fact,section,vector,0.2,1.0,0.208
auto-V-8-K-2025-08-08-5,simple fact,section,bm25,0.2,1.0,0.198
auto-V-8-K-2025-08-08-5,simple fact,section,hybrid,0.2,1.0,0.168
auto-V-8-K-2025-08-08-5,simple fact,section,hybrid+rerank,0.2,1.0,0.167
auto-V-8-K-2025-08-08-5,simple fact,semantic,vector,0.2,1.0,0.394
auto-V-8-K-2025-08-08-5,simple fact,semantic,bm25,0.2,1.0,0.169
auto-V-8-K-2025-08-08-5,simple fact,semantic,hybrid,0.2,1.0,0.147
auto-V-8-K-2025-08-08-5,simple fact,semantic,hybrid+rerank,0.2,1.0,0.144
auto-V-8-K-2025-08-08-5,simple fact,hierarchical,vector,0.2,1.0,0.394
auto-V-8-K-2025-08-08-5,simple fact,hierarchical,bm25,0.2,1.0,0.169
auto-V-8-K-2025-08-08-5,simple fact,hierarchical,hybrid,0.2,1.0,0.147
auto-V-8-K-2025-08-08-5,simple fact,hierarchical,hybrid+rerank,0.2,1.0,0.144
auto-MA-10-Q-2025-05-01-0,simple fact,fixed,vector,0.0,0.0,0.228
auto-MA-10-Q-2025-05-01-0,simple fact,fixed,bm25,0.2,1.0,0.406
auto-MA-10-Q-2025-05-01-0,simple fact,fixed,hybrid,0.2,1.0,0.402
auto-MA-10-Q-2025-05-01-0,simple fact,fixed,hybrid+rerank,0.2,1.0,0.448
auto-MA-10-Q-2025-05-01-0,simple fact,section,vector,0.2,1.0,0.477
auto-MA-10-Q-2025-05-01-0,simple fact,section,bm25,0.2,1.0,0.463
auto-MA-10-Q-2025-05-01-0,simple fact,section,hybrid,0.2,1.0,0.526
auto-MA-10-Q-2025-05-01-0,simple fact,section,hybrid+rerank,0.2,1.0,0.494
auto-MA-10-Q-2025-05-01-0,simple fact,semantic,vector,0.0,0.0,0.534
auto-MA-10-Q-2025-05-01-0,simple fact,semantic,bm25,0.2,1.0,0.376
auto-MA-10-Q-2025-05-01-0,simple fact,semantic,hybrid,0.0,0.0,0.639
auto-MA-10-Q-2025-05-01-0,simple fact,semantic,hybrid+rerank,0.2,1.0,0.363
auto-MA-10-Q-2025-05-01-0,simple fact,hierarchical,vector,0.0,0.0,0.534
auto-MA-10-Q-2025-05-01-0,simple fact,hierarchical,bm25,0.2,1.0,0.655
auto-MA-10-Q-2025-05-01-0,simple fact,hierarchical,hybrid,0.0,0.0,0.639
auto-MA-10-Q-2025-05-01-0,simple fact,hierarchical,hybrid+rerank,0.2,1.0,0.363
auto-MA-8-K-2025-11-10-0,simple fact,fixed,vector,0.4,1.0,0.078
auto-MA-8-K-2025-11-10-0,simple fact,fixed,bm25,0.4,1.0,0.183
auto-MA-8-K-2025-11-10-0,simple fact,fixed,hybrid,0.4,1.0,0.087
auto-MA-8-K-2025-11-10-0,simple fact,fixed,hybrid+rerank,0.4,1.0,0.203
auto-MA-8-K-2025-11-10-0,simple fact,section,vector,0.2,1.0,0.113
auto-MA-8-K-2025-11-10-0,simple fact,section,bm25,0.2,1.0,0.19
auto-MA-8-K-2025-11-10-0,simple fact,section,hybrid,0.2,1.0,0.144
auto-MA-8-K-2025-11-10-0,simple fact,section,hybrid+rerank,0.2,1.0,0.201
auto-MA-8-K-2025-11-10-0,simple fact,semantic,vector,0.2,1.0,0.126
auto-MA-8-K-2025-11-10-0,simple fact,semantic,bm25,0.2,1.0,0.125
auto-MA-8-K-2025-11-10-0,simple fact,semantic,hybrid,0.2,1.0,0.152
auto-MA-8-K-2025-11-10-0,simple fact,semantic,hybrid+rerank,0.2,1.0,0.124
auto-MA-8-K-2025-11-10-0,simple fact,hierarchical,vector,0.2,1.0,0.126
auto-MA-8-K-2025-11-10-0,simple fact,hierarchical,bm25,0.2,1.0,0.08
auto-MA-8-K-2025-11-10-0,simple fact,hierarchical,hybrid,0.2,1.0,0.176
auto-MA-8-K-2025-11-10-0,simple fact,hierarchical,hybrid+rerank,0.2,1.0,0.115
auto-V-10-Q-2025-07-30-4,simple fact,fixed,vector,0.2,0.5,0.188
auto-V-10-Q-2025-07-30-4,simple fact,fixed,bm25,0.0,0.0,0.281
auto-V-10-Q-2025-07-30-4,simple fact,fixed,hybrid,0.0,0.0,0.363
auto-V-10-Q-2025-07-30-4,simple fact,fixed,hybrid+rerank,0.4,1.0,0.272
auto-V-10-Q-2025-07-30-4,simple fact,section,vector,0.0,0.0,0.245
auto-V-10-Q-2025-07-30-4,simple fact,section,bm25,0.0,0.0,0.222
auto-V-10-Q-2025-07-30-4,simple fact,section,hybrid,0.2,0.5,0.332
auto-V-10-Q-2025-07-30-4,simple fact,section,hybrid+rerank,0.4,1.0,0.265
auto-V-10-Q-2025-07-30-4,simple fact,semantic,vector,0.2,1.0,0.341
auto-V-10-Q-2025-07-30-4,simple fact,semantic,bm25,0.0,0.0,0.549
auto-V-10-Q-2025-07-30-4,simple fact,semantic,hybrid,0.2,1.0,0.263
auto-V-10-Q-2025-07-30-4,simple fact,semantic,hybrid+rerank,0.2,1.0,0.341
auto-V-10-Q-2025-07-30-4,simple fact,hierarchical,vector,0.2,1.0,0.341
auto-V-10-Q-2025-07-30-4,simple fact,hierarchical,bm25,0.0,0.0,0.549
auto-V-10-Q-2025-07-30-4,simple fact,hierarchical,hybrid,0.0,0.0,0.296
auto-V-10-Q-2025-07-30-4,simple fact,hierarchical,hybrid+rerank,0.2,1.0,0.341
auto-MA-10-Q-2025-07-31-3,deep context,fixed,vector,0.0,0.0,0.165
auto-MA-10-Q-2025-07-31-3,deep context,fixed,bm25,0.4,1.0,0.45
auto-MA-10-Q-2025-07-31-3,deep context,fixed,hybrid,0.2,0.5,0.336
auto-MA-10-Q-2025-07-31-3,deep context,fixed,hybrid+rerank,0.2,0.5,0.422
auto-MA-10-Q-2025-07-31-3,deep context,section,vector,0.0,0.0,0.167
auto-MA-10-Q-2025-07-31-3,deep context,section,bm25,0.4,1.0,0.347
auto-MA-10-Q-2025-07-31-3,deep context,section,hybrid,0.2,0.5,0.34
auto-MA-10-Q-2025-07-31-3,deep context,section,hybrid+rerank,0.2,0.5,0.342
auto-MA-10-Q-2025-07-31-3,deep context,semantic,vector,0.2,1.0,0.476
auto-MA-10-Q-2025-07-31-3,deep context,semantic,bm25,0.2,1.0,0.637
auto-MA-10-Q-2025-07-31-3,deep context,semantic,hybrid,0.2,1.0,0.637
auto-MA-10-Q-2025-07-31-3,deep context,semantic,hybrid+rerank,0.2,1.0,0.637
auto-MA-10-Q-2025-07-31-3,deep context,hierarchical,vector,0.2,1.0,0.476
auto-MA-10-Q-2025-07-31-3,deep context,hierarchical,bm25,0.2,1.0,0.637
auto-MA-10-Q-2025-07-31-3,deep context,hierarchical,hybrid,0.2,1.0,0.637
auto-MA-10-Q-2025-07-31-3,deep context,hierarchical,hybrid+rerank,0.2,1.0,0.637
auto-V-8-K-2025-12-30-2,simple fact,fixed,vector,0.0,0.0,0.371
auto-V-8-K-2025-12-30-2,simple fact,fixed,bm25,0.0,0.0,0.241
auto-V-8-K-2025-12-30-2,simple fact,fixed,hybrid,0.0,0.0,0.297
auto-V-8-K-2025-12-30-2,simple fact,fixed,hybrid+rerank,0.0,0.0,0.337
auto-V-8-K-2025-12-30-2,simple fact,section,vector,0.0,0.0,0.446
auto-V-8-K-2025-12-30-2,simple fact,section,bm25,0.2,1.0,0.335
auto-V-8-K-2025-12-30-2,simple fact,section,hybrid,0.0,0.0,0.223
auto-V-8-K-2025-12-30-2,simple fact,section,hybrid+rerank,0.2,1.0,0.246
auto-V-8-K-2025-12-30-2,simple fact,semantic,vector,,,0.334
auto-V-8-K-2025-12-30-2,simple fact,semantic,bm25,,,0.386
auto-V-8-K-2025-12-30-2,simple fact,semantic,hybrid,,,0.288
auto-V-8-K-2025-12-30-2,simple fact,semantic,hybrid+rerank,,,0.352
auto-V-8-K-2025-12-30-2,simple fact,hierarchical,vector,,,0.334
auto-V-8-K-2025-12-30-2,simple fact,hierarchical,bm25,,,0.386
auto-V-8-K-2025-12-30-2,simple fact,hierarchical,hybrid,,,0.288
auto-V-8-K-2025-12-30-2,simple fact,hierarchical,hybrid+rerank,,,0.352
auto-MA-8-K-2025-06-26-1,deep context,fixed,vector,0.2,1.0,0.212
auto-MA-8-K-2025-06-26-1,deep context,fixed,bm25,0.2,1.0,0.226
auto-MA-8-K-2025-06-26-1,deep context,fixed,hybrid,0.2,1.0,0.226
auto-MA-8-K-2025-06-26-1,deep context,fixed,hybrid+rerank,0.2,1.0,0.285
auto-MA-8-K-2025-06-26-1,deep context,section,vector,0.2,1.0,0.202
auto-MA-8-K-2025-06-26-1,deep context,section,bm25,0.2,1.0,0.213
auto-MA-8-K-2025-06-26-1,deep context,section,hybrid,0.2,1.0,0.285
auto-MA-8-K-2025-06-26-1,deep context,section,hybrid+rerank,0.2,1.0,0.209
auto-MA-8-K-2025-06-26-1,deep context,semantic,vector,0.2,1.0,0.168
auto-MA-8-K-2025-06-26-1,deep context,semantic,bm25,0.2,1.0,0.178
auto-MA-8-K-2025-06-26-1,deep context,semantic,hybrid,0.2,1.0,0.166
auto-MA-8-K-2025-06-26-1,deep context,semantic,hybrid+rerank,0.2,1.0,0.184
auto-MA-8-K-2025-06-26-1,deep context,hierarchical,vector,0.2,1.0,0.168
auto-MA-8-K-2025-06-26-1,deep context,hierarchical,bm25,0.2,1.0,0.27
auto-MA-8-K-2025-06-26-1,deep context,hierarchical,hybrid,0.2,1.0,0.19
auto-MA-8-K-2025-06-26-1,deep context,hierarchical,hybrid+rerank,0.2,1.0,0.184
auto-MA-10-Q-2025-10-30-2,deep context,fixed,vector,0.4,1.0,0.321
auto-MA-10-Q-2025-10-30-2,deep context,fixed,bm25,0.2,0.5,0.349
auto-MA-10-Q-2025-10-30-2,deep context,fixed,hybrid,0.4,1.0,0.309
auto-MA-10-Q-2025-10-30-2,deep context,fixed,hybrid+rerank,0.2,0.5,0.349
auto-MA-10-Q-2025-10-30-2,deep context,section,vector,0.4,0.6666666666666666,0.29
auto-MA-10-Q-2025-10-30-2,deep context,section,bm25,0.4,0.6666666666666666,0.347
auto-MA-10-Q-2025-10-30-2,deep context,section,hybrid,0.4,0.6666666666666666,0.332
auto-MA-10-Q-2025-10-30-2,deep context,section,hybrid+rerank,0.4,0.6666666666666666,0.308
auto-MA-10-Q-2025-10-30-2,deep context,semantic,vector,0.2,1.0,0.545
auto-MA-10-Q-2025-10-30-2,deep context,semantic,bm25,0.2,1.0,0.557
auto-MA-10-Q-2025-10-30-2,deep context,semantic,hybrid,0.2,1.0,0.545
auto-MA-10-Q-2025-10-30-2,deep context,semantic,hybrid+rerank,0.2,1.0,0.557
auto-MA-10-Q-2025-10-30-2,deep context,hierarchical,vector,0.2,1.0,0.545
auto-MA-10-Q-2025-10-30-2,deep context,hierarchical,bm25,0.2,1.0,0.545
auto-MA-10-Q-2025-10-30-2,deep context,hierarchical,hybrid,0.2,1.0,0.545
auto-MA-10-Q-2025-10-30-2,deep context,hierarchical,hybrid+rerank,0.2,1.0,0.545
auto-V-8-K-2025-10-28-0,simple fact,fixed,vector,0.2,0.5,0.198
auto-V-8-K-2025-10-28-0,simple fact,fixed,bm25,0.4,1.0,0.17
auto-V-8-K-2025-10-28-0,simple fact,fixed,hybrid,0.2,0.5,0.109
auto-V-8-K-2025-10-28-0,simple fact,fixed,hybrid+rerank,0.4,1.0,0.244
auto-V-8-K-2025-10-28-0,simple fact,section,vector,0.2,1.0,0.198
auto-V-8-K-2025-10-28-0,simple fact,section,bm25,0.2,1.0,0.094
auto-V-8-K-2025-10-28-0,simple fact,section,hybrid,0.2,1.0,0.203
auto-V-8-K-2025-10-28-0,simple fact,section,hybrid+rerank,0.2,1.0,0.323
auto-V-8-K-2025-10-28-0,simple fact,semantic,vector,0.0,0.0,0.382
auto-V-8-K-2025-10-28-0,simple fact,semantic,bm25,0.0,0.0,0.205
auto-V-8-K-2025-10-28-0,simple fact,semantic,hybrid,0.0,0.0,0.225
auto-V-8-K-2025-10-28-0,simple fact,semantic,hybrid+rerank,0.0,0.0,0.175
auto-V-8-K-2025-10-28-0,simple fact,hierarchical,vector,0.0,0.0,0.882
auto-V-8-K-2025-10-28-0,simple fact,hierarchical,bm25,0.0,0.0,0.205
auto-V-8-K-2025-10-28-0,simple fact,hierarchical,hybrid,0.0,0.0,0.315
auto-V-8-K-2025-10-28-0,simple fact,hierarchical,hybrid+rerank,0.0,0.0,0.315
auto-V-8-K-2025-10-28-1,simple fact,fixed,vector,0.2,1.0,0.381
auto-V-8-K-2025-10-28-1,simple fact,fixed,bm25,0.2,1.0,0.43
auto-V-8-K-2025-10-28-1,simple fact,fixed,hybrid,0.2,1.0,0.352
auto-V-8-K-2025-10-28-1,simple fact,fixed,hybrid+rerank,0.2,1.0,0.367
auto-V-8-K-2025-10-28-1,simple fact,section,vector,0.2,1.0,0.352
auto-V-8-K-2025-10-28-1,simple fact,section,bm25,0.2,1.0,0.454
auto-V-8-K-2025-10-28-1,simple fact,section,hybrid,0.2,1.0,0.444
auto-V-8-K-2025-10-28-1,simple fact,section,hybrid+rerank,0.2,1.0,0.395
auto-V-8-K-2025-10-28-1,simple fact,semantic,vector,0.0,0.0,0.716
auto-V-8-K-2025-10-28-1,simple fact,semantic,bm25,0.2,1.0,0.454
auto-V-8-K-2025-10-28-1,simple fact,semantic,hybrid,0.2,1.0,0.636
auto-V-8-K-2025-10-28-1,simple fact,semantic,hybrid+rerank,0.2,1.0,0.705
auto-V-8-K-2025-10-28-1,simple fact,hierarchical,vector,0.0,0.0,0.716
auto-V-8-K-2025-10-28-1,simple fact,hierarchical,bm25,0.2,1.0,0.454
auto-V-8-K-2025-10-28-1,simple fact,hierarchical,hybrid,0.2,1.0,0.619
auto-V-8-K-2025-10-28-1,simple fact,hierarchical,hybrid+rerank,0.2,1.0,0.632
auto-V-8-K-2025-12-30-0,simple fact,fixed,vector,0.0,0.0,0.254
auto-V-8-K-2025-12-30-0,simple fact,fixed,bm25,0.2,1.0,0.217
auto-V-8-K-2025-12-30-0,simple fact,fixed,hybrid,0.2,1.0,0.213
auto-V-8-K-2025-12-30-0,simple fact,fixed,hybrid+rerank,0.2,1.0,0.223
auto-V-8-K-2025-12-30-0,simple fact,section,vector,0.0,0.0,0.376
auto-V-8-K-2025-12-30-0,simple fact,section,bm25,0.2,1.0,0.136
auto-V-8-K-2025-12-30-0,simple fact,section,hybrid,0.2,1.0,0.14
auto-V-8-K-2025-12-30-0,simple fact,section,hybrid+rerank,0.2,1.0,0.145
auto-V-8-K-2025-12-30-0,simple fact,semantic,vector,0.2,1.0,0.237
auto-V-8-K-2025-12-30-0,simple fact,semantic,bm25,0.2,1.0,0.212
auto-V-8-K-2025-12-30-0,simple fact,semantic,hybrid,0.2,1.0,0.237
auto-V-8-K-2025-12-30-0,simple fact,semantic,hybrid+rerank,0.2,1.0,0.21
auto-V-8-K-2025-12-30-0,simple fact,hierarchical,vector,0.2,1.0,0.237
auto-V-8-K-2025-12-30-0,simple fact,hierarchical,bm25,0.2,1.0,0.212
auto-V-8-K-2025-12-30-0,simple fact,hierarchical,hybrid,0.2,1.0,0.237
auto-V-8-K-2025-12-30-0,simple fact,hierarchical,hybrid+rerank,0.2,1.0,0.21
auto-MA-10-Q-2025-10-30-4,simple fact,fixed,vector,0.0,0.0,0.241
auto-MA-10-Q-2025-10-30-4,simple fact,fixed,bm25,0.0,0.0,0.195
auto-MA-10-Q-2025-10-30-4,simple fact,fixed,hybrid,0.0,0.0,0.316
auto-MA-10-Q-2025-10-30-4,simple fact,fixed,hybrid+rerank,0.0,0.0,0.24
auto-MA-10-Q-2025-10-30-4,simple fact,section,vector,0.0,0.0,0.162
auto-MA-10-Q-2025-10-30-4,simple fact,section,bm25,0.0,0.0,0.23
auto-MA-10-Q-2025-10-30-4,simple fact,section,hybrid,0.0,0.0,0.165
auto-MA-10-Q-2025-10-30-4,simple fact,section,hybrid+rerank,0.0,0.0,0.33
auto-MA-10-Q-2025-10-30-4,simple fact,semantic,vector,0.0,0.0,0.173
auto-MA-10-Q-2025-10-30-4,simple fact,semantic,bm25,0.0,0.0,0.217
auto-MA-10-Q-2025-10-30-4,simple fact,semantic,hybrid,0.0,0.0,0.182
auto-MA-10-Q-2025-10-30-4,simple fact,semantic,hybrid+rerank,0.0,0.0,0.235
auto-MA-10-Q-2025-10-30-4,simple fact,hierarchical,vector,0.0,0.0,0.173
auto-MA-10-Q-2025-10-30-4,simple fact,hierarchical,bm25,0.0,0.0,0.226
auto-MA-10-Q-2025-10-30-4,simple fact,hierarchical,hybrid,0.0,0.0,0.182
auto-MA-10-Q-2025-10-30-4,simple fact,hierarchical,hybrid+rerank,0.0,0.0,0.235
auto-MA-10-Q-2025-10-30-5,simple fact,fixed,vector,0.2,0.1,0.241
auto-MA-10-Q-2025-10-30-5,simple fact,fixed,bm25,0.6,0.3,0.218
auto-MA-10-Q-2025-10-30-5,simple fact,fixed,hybrid,0.6,0.3,0.325
auto-MA-10-Q-2025-10-30-5,simple fact,fixed,hybrid+rerank,0.6,0.3,0.36
auto-MA-10-Q-2025-10-30-5,simple fact,section,vector,0.2,0.1111111111111111,0.202
auto-MA-10-Q-2025-10-30-5,simple fact,section,bm25,0.6,0.3333333333333333,0.228
auto-MA-10-Q-2025-10-30-5,simple fact,section,hybrid,0.4,0.2222222222222222,0.264
auto-MA-10-Q-2025-10-30-5,simple fact,section,hybrid+rerank,0.4,0.2222222222222222,0.301
auto-MA-10-Q-2025-10-30-5,simple fact,semantic,vector,0.0,0.0,0.535
auto-MA-10-Q-2025-10-30-5,simple fact,semantic,bm25,0.6,0.375,0.331
auto-MA-10-Q-2025-10-30-5,simple fact,semantic,hybrid,0.4,0.25,0.295
auto-MA-10-Q-2025-10-30-5,simple fact,semantic,hybrid+rerank,0.8,0.5,0.333
auto-MA-10-Q-2025-10-30-5,simple fact,hierarchical,vector,0.0,0.0,0.535
auto-MA-10-Q-2025-10-30-5,simple fact,hierarchical,bm25,0.6,0.375,0.331
auto-MA-10-Q-2025-10-30-5,simple fact,hierarchical,hybrid,0.4,0.25,0.295
auto-MA-10-Q-2025-10-30-5,simple fact,hierarchical,hybrid+rerank,0.6,0.375,0.362
auto-V-10-K-2025-11-06-3,simple fact,fixed,vector,0.0,0.0,0.093
auto-V-10-K-2025-11-06-3,simple fact,fixed,bm25,0.2,1.0,0.158
auto-V-10-K-2025-11-06-3,simple fact,fixed,hybrid,0.2,1.0,0.124
auto-V-10-K-2025-11-06-3,simple fact,fixed,hybrid+rerank,0.2,1.0,0.127
auto-V-10-K-2025-11-06-3,simple fact,section,vector,0.0,0.0,0.073
auto-V-10-K-2025-11-06-3,simple fact,section,bm25,0.2,1.0,0.158
auto-V-10-K-2025-11-06-3,simple fact,section,hybrid,0.2,1.0,0.15
auto-V-10-K-2025-11-06-3,simple fact,section,hybrid+rerank,0.2,1.0,0.158
auto-V-10-K-2025-11-06-3,simple fact,semantic,vector,0.2,1.0,0.233
auto-V-10-K-2025-11-06-3,simple fact,semantic,bm25,0.2,1.0,0.224
auto-V-10-K-2025-11-06-3,simple fact,semantic,hybrid,0.2,1.0,0.15
auto-V-10-K-2025-11-06-3,simple fact,semantic,hybrid+rerank,0.2,1.0,0.251
auto-V-10-K-2025-11-06-3,simple fact,hierarchical,vector,0.2,1.0,0.231
auto-V-10-K-2025-11-06-3,simple fact,hierarchical,bm25,0.2,1.0,0.224
auto-V-10-K-2025-11-06-3,simple fact,hierarchical,hybrid,0.2,1.0,0.141
auto-V-10-K-2025-11-06-3,simple fact,hierarchical,hybrid+rerank,0.2,1.0,0.429
auto-V-8-K-2025-12-30-1,simple fact,fixed,vector,0.0,0.0,0.166
auto-V-8-K-2025-12-30-1,simple fact,fixed,bm25,0.2,1.0,0.265
auto-V-8-K-2025-12-30-1,simple fact,fixed,hybrid,0.0,0.0,0.165
auto-V-8-K-2025-12-30-1,simple fact,fixed,hybrid+rerank,0.2,1.0,0.296
auto-V-8-K-2025-12-30-1,simple fact,section,vector,0.0,0.0,0.129
auto-V-8-K-2025-12-30-1,simple fact,section,bm25,0.2,1.0,0.246
auto-V-8-K-2025-12-30-1,simple fact,section,hybrid,0.2,1.0,0.2
auto-V-8-K-2025-12-30-1,simple fact,section,hybrid+rerank,0.2,1.0,0.304
auto-V-8-K-2025-12-30-1,simple fact,semantic,vector,0.2,1.0,0.228
auto-V-8-K-2025-12-30-1,simple fact,semantic,bm25,0.2,1.0,0.214
auto-V-8-K-2025-12-30-1,simple fact,semantic,hybrid,0.2,1.0,0.262
auto-V-8-K-2025-12-30-1,simple fact,semantic,hybrid+rerank,0.2,1.0,0.384
auto-V-8-K-2025-12-30-1,simple fact,hierarchical,vector,0.2,1.0,0.228
auto-V-8-K-2025-12-30-1,simple fact,hierarchical,bm25,0.2,1.0,0.214
auto-V-8-K-2025-12-30-1,simple fact,hierarchical,hybrid,0.2,1.0,0.314
auto-V-8-K-2025-12-30-1,simple fact,hierarchical,hybrid+rerank,0.2,1.0,0.24
auto-V-8-K-2025-09-26-2,simple fact,fixed,vector,0.2,1.0,0.327
auto-V-8-K-2025-09-26-2,simple fact,fixed,bm25,0.2,1.0,0.159
auto-V-8-K-2025-09-26-2,simple fact,fixed,hybrid,0.2,1.0,0.224
auto-V-8-K-2025-09-26-2,simple fact,fixed,hybrid+rerank,0.2,1.0,0.262
auto-V-8-K-2025-09-26-2,simple fact,section,vector,0.2,1.0,0.288
auto-V-8-K-2025-09-26-2,simple fact,section,bm25,0.0,0.0,0.13
auto-V-8-K-2025-09-26-2,simple fact,section,hybrid,0.2,1.0,0.245
auto-V-8-K-2025-09-26-2,simple fact,section,hybrid+rerank,0.2,1.0,0.211
auto-V-8-K-2025-09-26-2,simple fact,semantic,vector,0.2,1.0,0.505
auto-V-8-K-2025-09-26-2,simple fact,semantic,bm25,0.0,0.0,0.713
auto-V-8-K-2025-09-26-2,simple fact,semantic,hybrid,0.2,1.0,0.187
auto-V-8-K-2025-09-26-2,simple fact,semantic,hybrid+rerank,0.2,1.0,0.26
auto-V-8-K-2025-09-26-2,simple fact,hierarchical,vector,0.2,1.0,0.505
auto-V-8-K-2025-09-26-2,simple fact,hierarchical,bm25,0.0,0.0,0.442
auto-V-8-K-2025-09-26-2,simple fact,hierarchical,hybrid,0.2,1.0,0.175
auto-V-8-K-2025-09-26-2,simple fact,hierarchical,hybrid+rerank,0.2,1.0,0.268
auto-MA-10-K-2025-02-12-3,simple fact,fixed,vector,0.4,0.5,0.186
auto-MA-10-K-2025-02-12-3,simple fact,fixed,bm25,0.4,0.5,0.496
auto-MA-10-K-2025-02-12-3,simple fact,fixed,hybrid,0.4,0.5,0.38
auto-MA-10-K-2025-02-12-3,simple fact,fixed,hybrid+rerank,0.6,0.75,0.451
auto-MA-10-K-2025-02-12-3,simple fact,section,vector,0.2,0.3333333333333333,0.225
auto-MA-10-K-2025-02-12-3,simple fact,section,bm25,0.2,0.3333333333333333,0.359
auto-MA-10-K-2025-02-12-3,simple fact,section,hybrid,0.2,0.3333333333333333,0.435
auto-MA-10-K-2025-02-12-3,simple fact,section,hybrid+rerank,0.2,0.3333333333333333,0.399
auto-MA-10-K-2025-02-12-3,simple fact,semantic,vector,0.6,0.75,0.83
auto-MA-10-K-2025-02-12-3,simple fact,semantic,bm25,0.6,0.75,0.838
auto-MA-10-K-2025-02-12-3,simple fact,semantic,hybrid,0.6,0.75,0.838
auto-MA-10-K-2025-02-12-3,simple fact,semantic,hybrid+rerank,0.6,0.75,0.838
auto-MA-10-K-2025-02-12-3,simple fact,hierarchical,vector,0.6,0.75,0.83
auto-MA-10-K-2025-02-12-3,simple fact,hierarchical,bm25,0.6,0.75,0.83
auto-MA-10-K-2025-02-12-3,simple fact,hierarchical,hybrid,0.6,0.75,0.83
auto-MA-10-K-2025-02-12-3,simple fact,hierarchical,hybrid+rerank,0.6,0.75,0.83
auto-MA-10-K-2025-02-12-5,simple fact,fixed,vector,0.4,1.0,0.146
auto-MA-10-K-2025-02-12-5,simple fact,fixed,bm25,0.2,0.5,0.184
auto-MA-10-K-2025-02-12-5,simple fact,fixed,hybrid,0.4,1.0,0.125
auto-MA-10-K-2025-02-12-5,simple fact,fixed,hybrid+rerank,0.4,1.0,0.238
auto-MA-10-K-2025-02-12-5,simple fact,section,vector,0.4,1.0,0.139
auto-MA-10-K-2025-02-12-5,simple fact,section,bm25,0.2,0.5,0.166
auto-MA-10-K-2025-02-12-5,simple fact,section,hybrid,0.4,1.0,0.121
auto-MA-10-K-2025-02-12-5,simple fact,section,hybrid+rerank,0.4,1.0,0.163
auto-MA-10-K-2025-02-12-5,simple fact,semantic,vector,0.0,0.0,0.535
auto-MA-10-K-2025-02-12-5,simple fact,semantic,bm25,0.2,0.5,0.221
auto-MA-10-K-2025-02-12-5,simple fact,semantic,hybrid,0.2,0.5,0.16
auto-MA-10-K-2025-02-12-5,simple fact,semantic,hybrid+rerank,0.4,1.0,0.177
auto-MA-10-K-2025-02-12-5,simple fact,hierarchical,vector,0.0,0.0,0.535
auto-MA-10-K-2025-02-12-5,simple fact,hierarchical,bm25,0.2,1.0,0.13
auto-MA-10-K-2025-02-12-5,simple fact,hierarchical,hybrid,0.2,1.0,0.16
auto-MA-10-K-2025-02-12-5,simple fact,hierarchical,hybrid+rerank,0.2,1.0,0.165
auto-V-10-Q-2025-07-30-3,simple fact,fixed,vector,0.0,0.0,0.096
auto-V-10-Q-2025-07-30-3,simple fact,fixed,bm25,0.0,0.0,0.23
auto-V-10-Q-2025-07-30-3,simple fact,fixed,hybrid,0.0,0.0,0.244
auto-V-10-Q-2025-07-30-3,simple fact,fixed,hybrid+rerank,0.0,0.0,0.212
auto-V-10-Q-2025-07-30-3,simple fact,section,vector,0.0,0.0,0.121
auto-V-10-Q-2025-07-30-3,simple fact,section,bm25,0.0,0.0,0.354
auto-V-10-Q-2025-07-30-3,simple fact,section,hybrid,0.0,0.0,0.242
auto-V-10-Q-2025-07-30-3,simple fact,section,hybrid+rerank,0.0,0.0,0.311
auto-V-10-Q-2025-07-30-3,simple fact,semantic,vector,0.2,1.0,0.426
auto-V-10-Q-2025-07-30-3,simple fact,semantic,bm25,0.2,1.0,0.274
auto-V-10-Q-2025-07-30-3,simple fact,semantic,hybrid,0.2,1.0,0.382
auto-V-10-Q-2025-07-30-3,simple fact,semantic,hybrid+rerank,0.2,1.0,0.437
auto-V-10-Q-2025-07-30-3,simple fact,hierarchical,vector,0.2,1.0,0.426
auto-V-10-Q-2025-07-30-3,simple fact,hierarchical,bm25,0.2,1.0,0.274
auto-V-10-Q-2025-07-30-3,simple fact,hierarchical,hybrid,0.2,1.0,0.382
auto-V-10-Q-2025-07-30-3,simple fact,hierarchical,hybrid+rerank,0.2,1.0,0.437
auto-MA-10-Q-2025-05-01-3,simple fact,fixed,vector,0.0,0.0,0.195
auto-MA-10-Q-2025-05-01-3,simple fact,fixed,bm25,0.4,1.0,0.296
auto-MA-10-Q-2025-05-01-3,simple fact,fixed,hybrid,0.4,1.0,0.342
auto-MA-10-Q-2025-05-01-3,simple fact,fixed,hybrid+rerank,0.4,1.0,0.446
auto-MA-10-Q-2025-05-01-3,simple fact,section,vector,0.0,0.0,0.234
auto-MA-10-Q-2025-05-01-3,simple fact,section,bm25,0.2,1.0,0.23
auto-MA-10-Q-2025-05-01-3,simple fact,section,hybrid,0.2,1.0,0.249
auto-MA-10-Q-2025-05-01-3,simple fact,section,hybrid+rerank,0.2,1.0,0.267
auto-MA-10-Q-2025-05-01-3,simple fact,semantic,vector,0.0,0.0,0.534
auto-MA-10-Q-2025-05-01-3,simple fact,semantic,bm25,0.2,1.0,0.654
auto-MA-10-Q-2025-05-01-3,simple fact,semantic,hybrid,0.2,1.0,0.539
auto-MA-10-Q-2025-05-01-3,simple fact,semantic,hybrid+rerank,0.2,1.0,0.554
auto-MA-10-Q-2025-05-01-3,simple fact,hierarchical,vector,0.0,0.0,0.534
auto-MA-10-Q-2025-05-01-3,simple fact,hierarchical,bm25,0.2,1.0,0.654
auto-MA-10-Q-2025-05-01-3,simple fact,hierarchical,hybrid,0.2,1.0,0.539
auto-MA-10-Q-2025-05-01-3,simple fact,hierarchical,hybrid+rerank,0.2,1.0,0.554
auto-MA-10-K-2025-02-12-2,simple fact,fixed,vector,0.0,0.0,0.292
auto-MA-10-K-2025-02-12-2,simple fact,fixed,bm25,0.2,1.0,0.384
auto-MA-10-K-2025-02-12-2,simple fact,fixed,hybrid,0.2,1.0,0.384
auto-MA-10-K-2025-02-12-2,simple fact,fixed,hybrid+rerank,0.2,1.0,0.448
auto-MA-10-K-2025-02-12-2,simple fact,section,vector,0.2,1.0,0.477
auto-MA-10-K-2025-02-12-2,simple fact,section,bm25,0.2,1.0,0.463
auto-MA-10-K-2025-02-12-2,simple fact,section,hybrid,0.2,1.0,0.474
auto-MA-10-K-2025-02-12-2,simple fact,section,hybrid+rerank,0.2,1.0,0.477
auto-MA-10-K-2025-02-12-2,simple fact,semantic,vector,0.0,0.0,0.534
auto-MA-10-K-2025-02-12-2,simple fact,semantic,bm25,0.2,1.0,0.496
auto-MA-10-K-2025-02-12-2,simple fact,semantic,hybrid,0.0,0.0,0.644
auto-MA-10-K-2025-02-12-2,simple fact,semantic,hybrid+rerank,0.2,1.0,0.435
auto-MA-10-K-2025-02-12-2,simple fact,hierarchical,vector,0.0,0.0,0.534
auto-MA-10-K-2025-02-12-2,simple fact,hierarchical,bm25,0.2,1.0,0.51
auto-MA-10-K-2025-02-12-2,simple fact,hierarchical,hybrid,0.0,0.0,0.644
auto-MA-10-K-2025-02-12-2,simple fact,hierarchical,hybrid+rerank,0.2,1.0,0.43
auto-V-10-K-2025-11-06-5,simple fact,fixed,vector,0.4,1.0,0.283
auto-V-10-K-2025-11-06-5,simple fact,fixed,bm25,0.4,1.0,0.395
auto-V-10-K-2025-11-06-5,simple fact,fixed,hybrid,0.4,1.0,0.309
auto-V-10-K-2025-11-06-5,simple fact,fixed,hybrid+rerank,0.4,1.0,0.368
auto-V-10-K-2025-11-06-5,simple fact,section,vector,0.4,1.0,0.239
auto-V-10-K-2025-11-06-5,simple fact,section,bm25,0.4,1.0,0.29
auto-V-10-K-2025-11-06-5,simple fact,section,hybrid,0.4,1.0,0.272
auto-V-10-K-2025-11-06-5,simple fact,section,hybrid+rerank,0.4,1.0,0.362
auto-V-10-K-2025-11-06-5,simple fact,semantic,vector,0.2,1.0,0.713
auto-V-10-K-2025-11-06-5,simple fact,semantic,bm25,0.2,1.0,0.713
auto-V-10-K-2025-11-06-5,simple fact,semantic,hybrid,0.2,1.0,0.713
auto-V-10-K-2025-11-06-5,simple fact,semantic,hybrid+rerank,0.2,1.0,0.713
auto-V-10-K-2025-11-06-5,simple fact,hierarchical,vector,0.2,1.0,0.713
auto-V-10-K-2025-11-06-5,simple fact,hierarchical,bm25,0.2,1.0,0.713
auto-V-10-K-2025-11-06-5,simple fact,hierarchical,hybrid,0.2,1.0,0.713
auto-V-10-K-2025-11-06-5,simple fact,hierarchical,hybrid+rerank,0.2,1.0,0.713
auto-V-8-K-2025-08-08-3,simple fact,fixed,vector,0.0,0.0,0.22
auto-V-8-K-2025-08-08-3,simple fact,fixed,bm25,0.2,1.0,0.245
auto-V-8-K-2025-08-08-3,simple fact,fixed,hybrid,0.0,0.0,0.319
auto-V-8-K-2025-08-08-3,simple fact,fixed,hybrid+rerank,0.2,1.0,0.23
auto-V-8-K-2025-08-08-3,simple fact,section,vector,0.0,0.0,0.388
auto-V-8-K-2025-08-08-3,simple fact,section,bm25,0.2,1.0,0.213
auto-V-8-K-2025-08-08-3,simple fact,section,hybrid,0.0,0.0,0.199
auto-V-8-K-2025-08-08-3,simple fact,section,hybrid+rerank,0.2,1.0,0.193
auto-V-8-K-2025-08-08-3,simple fact,semantic,vector,0.2,1.0,0.209
auto-V-8-K-2025-08-08-3,simple fact,semantic,bm25,0.2,1.0,0.209
auto-V-8-K-2025-08-08-3,simple fact,semantic,hybrid,0.2,1.0,0.209
auto-V-8-K-2025-08-08-3,simple fact,semantic,hybrid+rerank,0.2,1.0,0.21
auto-V-8-K-2025-08-08-3,simple fact,hierarchical,vector,0.2,1.0,0.209
auto-V-8-K-2025-08-08-3,simple fact,hierarchical,bm25,0.2,1.0,0.164
auto-V-8-K-2025-08-08-3,simple fact,hierarchical,hybrid,0.2,1.0,0.209
auto-V-8-K-2025-08-08-3,simple fact,hierarchical,hybrid+rerank,0.2,1.0,0.21
auto-V-10-Q-2025-01-31-3,simple fact,fixed,vector,0.0,0.0,0.278
auto-V-10-Q-2025-01-31-3,simple fact,fixed,bm25,0.2,0.3333333333333333,0.48
auto-V-10-Q-2025-01-31-3,simple fact,fixed,hybrid,0.2,0.3333333333333333,0.395
auto-V-10-Q-2025-01-31-3,simple fact,fixed,hybrid+rerank,0.2,0.3333333333333333,0.486
auto-V-10-Q-2025-01-31-3,simple fact,section,vector,0.2,0.3333333333333333,0.217
auto-V-10-Q-2025-01-31-3,simple fact,section,bm25,0.2,0.3333333333333333,0.386
auto-V-10-Q-2025-01-31-3,simple fact,section,hybrid,0.2,0.3333333333333333,0.464
auto-V-10-Q-2025-01-31-3,simple fact,section,hybrid+rerank,0.2,0.3333333333333333,0.416
auto-V-10-Q-2025-01-31-3,simple fact,semantic,vector,0.0,0.0,0.602
auto-V-10-Q-2025-01-31-3,simple fact,semantic,bm25,0.6,1.0,0.565
auto-V-10-Q-2025-01-31-3,simple fact,semantic,hybrid,0.4,0.6666666666666666,0.57
auto-V-10-Q-2025-01-31-3,simple fact,semantic,hybrid+rerank,0.6,1.0,0.505
auto-V-10-Q-2025-01-31-3,simple fact,hierarchical,vector,0.2,0.3333333333333333,0.551
auto-V-10-Q-2025-01-31-3,simple fact,hierarchical,bm25,0.6,1.0,0.589
auto-V-10-Q-2025-01-31-3,simple fact,hierarchical,hybrid,0.6,1.0,0.589
auto-V-10-Q-2025-01-31-3,simple fact,hierarchical,hybrid+rerank,0.6,1.0,0.505
auto-MA-10-Q-2025-05-01-2,simple fact,fixed,vector,0.2,1.0,0.471
auto-MA-10-Q-2025-05-01-2,simple fact,fixed,bm25,0.2,1.0,0.287
auto-MA-10-Q-2025-05-01-2,simple fact,fixed,hybrid,0.2,1.0,0.376
auto-MA-10-Q-2025-05-01-2,simple fact,fixed,hybrid+rerank,0.2,1.0,0.38
auto-MA-10-Q-2025-05-01-2,simple fact,section,vector,0.2,1.0,0.506
auto-MA-10-Q-2025-05-01-2,simple fact,section,bm25,0.2,1.0,0.352
auto-MA-10-Q-2025-05-01-2,simple fact,section,hybrid,0.2,1.0,0.358
auto-MA-10-Q-2025-05-01-2,simple fact,section,hybrid+rerank,0.2,1.0,0.353
auto-MA-10-Q-2025-05-01-2,simple fact,semantic,vector,0.2,1.0,0.303
auto-MA-10-Q-2025-05-01-2,simple fact,semantic,bm25,0.2,1.0,0.317
auto-MA-10-Q-2025-05-01-2,simple fact,semantic,hybrid,0.2,1.0,0.32
auto-MA-10-Q-2025-05-01-2,simple fact,semantic,hybrid+rerank,0.2,1.0,0.285
auto-MA-10-Q-2025-05-01-2,simple fact,hierarchical,vector,0.2,1.0,0.303
auto-MA-10-Q-2025-05-01-2,simple fact,hierarchical,bm25,0.2,1.0,0.317
auto-MA-10-Q-2025-05-01-2,simple fact,hierarchical,hybrid,0.2,1.0,0.32
auto-MA-10-Q-2025-05-01-2,simple fact,hierarchical,hybrid+rerank,0.2,1.0,0.285
auto-V-10-Q-2025-07-30-5,deep context,fixed,vector,0.2,0.5,0.16
auto-V-10-Q-2025-07-30-5,deep context,fixed,bm25,0.4,1.0,0.465
auto-V-10-Q-2025-07-30-5,deep context,fixed,hybrid,0.4,1.0,0.247
auto-V-10-Q-2025-07-30-5,deep context,fixed,hybrid+rerank,0.2,0.5,0.39
auto-V-10-Q-2025-07-30-5,deep context,section,vector,0.2,1.0,0.186
auto-V-10-Q-2025-07-30-5,deep context,section,bm25,0.2,1.0,0.396
auto-V-10-Q-2025-07-30-5,deep context,section,hybrid,0.2,1.0,0.241
auto-V-10-Q-2025-07-30-5,deep context,section,hybrid+rerank,0.2,1.0,0.26
auto-V-10-Q-2025-07-30-5,deep context,semantic,vector,0.0,0.0,0.139
auto-V-10-Q-2025-07-30-5,deep context,semantic,bm25,0.2,1.0,0.653
auto-V-10-Q-2025-07-30-5,deep context,semantic,hybrid,0.0,0.0,0.355
auto-V-10-Q-2025-07-30-5,deep context,semantic,hybrid+rerank,0.2,1.0,0.57
auto-V-10-Q-2025-07-30-5,deep context,hierarchical,vector,0.2,1.0,0.143
auto-V-10-Q-2025-07-30-5,deep context,hierarchical,bm25,0.2,1.0,0.569
auto-V-10-Q-2025-07-30-5,deep context,hierarchical,hybrid,0.2,1.0,0.57
auto-V-10-Q-2025-07-30-5,deep context,hierarchical,hybrid+rerank,0.2,1.0,0.57
auto-V-10-Q-2025-04-30-3,simple fact,fixed,vector,0.0,0.0,0.418
auto-V-10-Q-2025-04-30-3,simple fact,fixed,bm25,0.0,0.0,0.315
auto-V-10-Q-2025-04-30-3,simple fact,fixed,hybrid,0.0,0.0,0.418
auto-V-10-Q-2025-04-30-3,simple fact,fixed,hybrid+rerank,0.0,0.0,0.196
auto-V-10-Q-2025-04-30-3,simple fact,section,vector,0.0,0.0,0.391
auto-V-10-Q-2025-04-30-3,simple fact,section,bm25,0.0,0.0,0.354
auto-V-10-Q-2025-04-30-3,simple fact,section,hybrid,0.0,0.0,0.395
auto-V-10-Q-2025-04-30-3,simple fact,section,hybrid+rerank,0.0,0.0,0.224
auto-V-10-Q-2025-04-30-3,simple fact,semantic,vector,0.2,1.0,0.471
auto-V-10-Q-2025-04-30-3,simple fact,semantic,bm25,0.2,1.0,0.469
auto-V-10-Q-2025-04-30-3,simple fact,semantic,hybrid,0.2,1.0,0.291
auto-V-10-Q-2025-04-30-3,simple fact,semantic,hybrid+rerank,0.2,1.0,0.422
auto-V-10-Q-2025-04-30-3,simple fact,hierarchical,vector,0.2,1.0,0.433
auto-V-10-Q-2025-04-30-3,simple fact,hierarchical,bm25,0.2,1.0,0.469
auto-V-10-Q-2025-04-30-3,simple fact,hierarchical,hybrid,0.2,1.0,0.291
auto-V-10-Q-2025-04-30-3,simple fact,hierarchical,hybrid+rerank,0.2,1.0,0.422
auto-V-10-Q-2025-04-30-5,simple fact,fixed,vector,0.2,0.5,0.476
auto-V-10-Q-2025-04-30-5,simple fact,fixed,bm25,0.4,1.0,0.357
auto-V-10-Q-2025-04-30-5,simple fact,fixed,hybrid,0.4,1.0,0.536
auto-V-10-Q-2025-04-30-5,simple fact,fixed,hybrid+rerank,0.4,1.0,0.536
auto-V-10-Q-2025-04-30-5,simple fact,section,vector,0.2,1.0,0.457
auto-V-10-Q-2025-04-30-5,simple fact,section,bm25,0.2,1.0,0.33
auto-V-10-Q-2025-04-30-5,simple fact,section,hybrid,0.2,1.0,0.521
auto-V-10-Q-2025-04-30-5,simple fact,section,hybrid+rerank,0.2,1.0,0.521
auto-V-10-Q-2025-04-30-5,simple fact,semantic,vector,0.2,1.0,0.424
auto-V-10-Q-2025-04-30-5,simple fact,semantic,bm25,0.2,1.0,0.462
auto-V-10-Q-2025-04-30-5,simple fact,semantic,hybrid,0.2,1.0,0.462
auto-V-10-Q-2025-04-30-5,simple fact,semantic,hybrid+rerank,0.2,1.0,0.412
auto-V-10-Q-2025-04-30-5,simple fact,hierarchical,vector,0.2,1.0,0.424
auto-V-10-Q-2025-04-30-5,simple fact,hierarchical,bm25,0.2,1.0,0.462
auto-V-10-Q-2025-04-30-5,simple fact,hierarchical,hybrid,0.2,1.0,0.462
auto-V-10-Q-2025-04-30-5,simple fact,hierarchical,hybrid+rerank,0.2,1.0,0.412
auto-V-8-K-2025-09-29-3,deep context,fixed,vector,0.0,0.0,0.707
auto-V-8-K-2025-09-29-3,deep context,fixed,bm25,0.2,1.0,0.097
auto-V-8-K-2025-09-29-3,deep context,fixed,hybrid,0.2,1.0,0.266
auto-V-8-K-2025-09-29-3,deep context,fixed,hybrid+rerank,0.2,1.0,0.362
auto-V-8-K-2025-09-29-3,deep context,section,vector,0.0,0.0,0.431
auto-V-8-K-2025-09-29-3,deep context,section,bm25,0.2,1.0,0.107
auto-V-8-K-2025-09-29-3,deep context,section,hybrid,0.2,1.0,0.263
auto-V-8-K-2025-09-29-3,deep context,section,hybrid+rerank,0.2,1.0,0.101
auto-V-8-K-2025-09-29-3,deep context,semantic,vector,0.0,0.0,0.38
auto-V-8-K-2025-09-29-3,deep context,semantic,bm25,0.2,1.0,0.208
auto-V-8-K-2025-09-29-3,deep context,semantic,hybrid,0.2,1.0,0.379
auto-V-8-K-2025-09-29-3,deep context,semantic,hybrid+rerank,0.2,1.0,0.208
auto-V-8-K-2025-09-29-3,deep context,hierarchical,vector,0.0,0.0,0.882
auto-V-8-K-2025-09-29-3,deep context,hierarchical,bm25,0.2,1.0,0.368
auto-V-8-K-2025-09-29-3,deep context,hierarchical,hybrid,0.2,1.0,0.366
auto-V-8-K-2025-09-29-3,deep context,hierarchical,hybrid+rerank,0.2,1.0,0.366
auto-V-10-K-2025-11-06-0,simple fact,fixed,vector,0.2,1.0,0.4
auto-V-10-K-2025-11-06-0,simple fact,fixed,bm25,0.2,1.0,0.404
auto-V-10-K-2025-11-06-0,simple fact,fixed,hybrid,0.2,1.0,0.4
auto-V-10-K-2025-11-06-0,simple fact,fixed,hybrid+rerank,0.2,1.0,0.494
auto-V-10-K-2025-11-06-0,simple fact,section,vector,0.2,1.0,0.267
auto-V-10-K-2025-11-06-0,simple fact,section,bm25,0.2,1.0,0.275
auto-V-10-K-2025-11-06-0,simple fact,section,hybrid,0.2,1.0,0.275
auto-V-10-K-2025-11-06-0,simple fact,section,hybrid+rerank,0.2,1.0,0.436
auto-V-10-K-2025-11-06-0,simple fact,semantic,vector,0.2,1.0,0.664
auto-V-10-K-2025-11-06-0,simple fact,semantic,bm25,0.2,1.0,0.71
auto-V-10-K-2025-11-06-0,simple fact,semantic,hybrid,0.2,1.0,0.664
auto-V-10-K-2025-11-06-0,simple fact,semantic,hybrid+rerank,0.2,1.0,0.696
auto-V-10-K-2025-11-06-0,simple fact,hierarchical,vector,0.2,1.0,0.664
auto-V-10-K-2025-11-06-0,simple fact,hierarchical,bm25,0.2,1.0,0.71
auto-V-10-K-2025-11-06-0,simple fact,hierarchical,hybrid,0.2,1.0,0.71
auto-V-10-K-2025-11-06-0,simple fact,hierarchical,hybrid+rerank,0.2,1.0,0.696
auto-MA-10-Q-2025-05-01-4,simple fact,fixed,vector,0.2,0.5,0.447
auto-MA-10-Q-2025-05-01-4,simple fact,fixed,bm25,0.2,0.5,0.433
auto-MA-10-Q-2025-05-01-4,simple fact,fixed,hybrid,0.2,0.5,0.447
auto-MA-10-Q-2025-05-01-4,simple fact,fixed,hybrid+rerank,0.2,0.5,0.472
auto-MA-10-Q-2025-05-01-4,simple fact,section,vector,0.0,0.0,0.231
auto-MA-10-Q-2025-05-01-4,simple fact,section,bm25,0.2,1.0,0.457
auto-MA-10-Q-2025-05-01-4,simple fact,section,hybrid,0.2,1.0,0.296
auto-MA-10-Q-2025-05-01-4,simple fact,section,hybrid+rerank,0.2,1.0,0.539
auto-MA-10-Q-2025-05-01-4,simple fact,semantic,vector,0.2,1.0,0.71
auto-MA-10-Q-2025-05-01-4,simple fact,semantic,bm25,0.2,1.0,0.632
auto-MA-10-Q-2025-05-01-4,simple fact,semantic,hybrid,0.2,1.0,0.71
auto-MA-10-Q-2025-05-01-4,simple fact,semantic,hybrid+rerank,0.2,1.0,0.71
auto-MA-10-Q-2025-05-01-4,simple fact,hierarchical,vector,0.2,1.0,0.71
auto-MA-10-Q-2025-05-01-4,simple fact,hierarchical,bm25,0.2,1.0,0.632
auto-MA-10-Q-2025-05-01-4,simple fact,hierarchical,hybrid,0.2,1.0,0.71
auto-MA-10-Q-2025-05-01-4,simple fact,hierarchical,hybrid+rerank,0.2,1.0,0.71
auto-MA-10-Q-2025-07-31-1,simple fact,fixed,vector,0.0,0.0,0.261
auto-MA-10-Q-2025-07-31-1,simple fact,fixed,bm25,0.2,0.5,0.212
auto-MA-10-Q-2025-07-31-1,simple fact,fixed,hybrid,0.2,0.5,0.263
auto-MA-10-Q-2025-07-31-1,simple fact,fixed,hybrid+rerank,0.2,0.5,0.446
auto-MA-10-Q-2025-07-31-1,simple fact,section,vector,0.0,0.0,0.252
auto-MA-10-Q-2025-07-31-1,simple fact,section,bm25,0.2,0.3333333333333333,0.181
auto-MA-10-Q-2025-07-31-1,simple fact,section,hybrid,0.0,0.0,0.271
auto-MA-10-Q-2025-07-31-1,simple fact,section,hybrid+rerank,0.0,0.0,0.32
auto-MA-10-Q-2025-07-31-1,simple fact,semantic,vector,0.0,0.0,0.544
auto-MA-10-Q-2025-07-31-1,simple fact,semantic,bm25,0.2,1.0,0.521
auto-MA-10-Q-2025-07-31-1,simple fact,semantic,hybrid,0.2,1.0,0.51
auto-MA-10-Q-2025-07-31-1,simple fact,semantic,hybrid+rerank,0.2,1.0,0.31
auto-MA-10-Q-2025-07-31-1,simple fact,hierarchical,vector,0.0,0.0,0.544
auto-MA-10-Q-2025-07-31-1,simple fact,hierarchical,bm25,0.2,1.0,0.521
auto-MA-10-Q-2025-07-31-1,simple fact,hierarchical,hybrid,0.2,1.0,0.51
auto-MA-10-Q-2025-07-31-1,simple fact,hierarchical,hybrid+rerank,0.2,1.0,0.31
auto-V-8-K-2025-09-26-1,simple fact,fixed,vector,0.0,0.0,0.384
auto-V-8-K-2025-09-26-1,simple fact,fixed,bm25,0.2,1.0,0.512
auto-V-8-K-2025-09-26-1,simple fact,fixed,hybrid,0.0,0.0,0.241
auto-V-8-K-2025-09-26-1,simple fact,fixed,hybrid+rerank,0.2,1.0,0.314
auto-V-8-K-2025-09-26-1,simple fact,section,vector,0.0,0.0,0.446
auto-V-8-K-2025-09-26-1,simple fact,section,bm25,0.2,1.0,0.31
auto-V-8-K-2025-09-26-1,simple fact,section,hybrid,0.0,0.0,0.149
auto-V-8-K-2025-09-26-1,simple fact,section,hybrid+rerank,0.0,0.0,0.528
auto-V-8-K-2025-09-26-1,simple fact,semantic,vector,0.2,1.0,0.361
auto-V-8-K-2025-09-26-1,simple fact,semantic,bm25,0.2,1.0,0.326
auto-V-8-K-2025-09-26-1,simple fact,semantic,hybrid,0.2,1.0,0.276
auto-V-8-K-2025-09-26-1,simple fact,semantic,hybrid+rerank,0.2,1.0,0.32
auto-V-8-K-2025-09-26-1,simple fact,hierarchical,vector,0.2,1.0,0.361
auto-V-8-K-2025-09-26-1,simple fact,hierarchical,bm25,0.2,1.0,0.326
auto-V-8-K-2025-09-26-1,simple fact,hierarchical,hybrid,0.2,1.0,0.276
auto-V-8-K-2025-09-26-1,simple fact,hierarchical,hybrid+rerank,0.2,1.0,0.32
auto-MA-8-K-2025-02-27-0,simple fact,fixed,vector,0.0,0.0,0.262
auto-MA-8-K-2025-02-27-0,simple fact,fixed,bm25,0.2,1.0,0.092
auto-MA-8-K-2025-02-27-0,simple fact,fixed,hybrid,0.2,1.0,0.183
auto-MA-8-K-2025-02-27-0,simple fact,fixed,hybrid+rerank,0.2,1.0,0.178
auto-MA-8-K-2025-02-27-0,simple fact,section,vector,0.0,0.0,0.325
auto-MA-8-K-2025-02-27-0,simple fact,section,bm25,0.2,1.0,0.121
auto-MA-8-K-2025-02-27-0,simple fact,section,hybrid,0.2,1.0,0.276
auto-MA-8-K-2025-02-27-0,simple fact,section,hybrid+rerank,0.2,1.0,0.176
auto-MA-8-K-2025-02-27-0,simple fact,semantic,vector,0.0,0.0,0.323
auto-MA-8-K-2025-02-27-0,simple fact,semantic,bm25,0.2,1.0,0.243
auto-MA-8-K-2025-02-27-0,simple fact,semantic,hybrid,0.2,1.0,0.111
auto-MA-8-K-2025-02-27-0,simple fact,semantic,hybrid+rerank,0.2,1.0,0.117
auto-MA-8-K-2025-02-27-0,simple fact,hierarchical,vector,0.0,0.0,0.336
auto-MA-8-K-2025-02-27-0,simple fact,hierarchical,bm25,0.2,1.0,0.25
auto-MA-8-K-2025-02-27-0,simple fact,hierarchical,hybrid,0.2,1.0,0.072
auto-MA-8-K-2025-02-27-0,simple fact,hierarchical,hybrid+rerank,0.2,1.0,0.071
auto-MA-8-K-2025-06-26-0,simple fact,fixed,vector,0.2,1.0,0.163
auto-MA-8-K-2025-06-26-0,simple fact,fixed,bm25,0.2,1.0,0.147
auto-MA-8-K-2025-06-26-0,simple fact,fixed,hybrid,0.2,1.0,0.159
auto-MA-8-K-2025-06-26-0,simple fact,fixed,hybrid+rerank,0.2,1.0,0.135
auto-MA-8-K-2025-06-26-0,simple fact,section,vector,0.2,1.0,0.164
auto-MA-8-K-2025-06-26-0,simple fact,section,bm25,0.2,1.0,0.133
auto-MA-8-K-2025-06-26-0,simple fact,section,hybrid,0.2,1.0,0.156
auto-MA-8-K-2025-06-26-0,simple fact,section,hybrid+rerank,0.2,1.0,0.131
auto-MA-8-K-2025-06-26-0,simple fact,semantic,vector,0.2,1.0,0.15
auto-MA-8-K-2025-06-26-0,simple fact,semantic,bm25,0.2,1.0,0.157
auto-MA-8-K-2025-06-26-0,simple fact,semantic,hybrid,0.2,1.0,0.112
auto-MA-8-K-2025-06-26-0,simple fact,semantic,hybrid+rerank,0.2,1.0,0.153
auto-MA-8-K-2025-06-26-0,simple fact,hierarchical,vector,0.2,1.0,0.15
auto-MA-8-K-2025-06-26-0,simple fact,hierarchical,bm25,0.2,1.0,0.18
auto-MA-8-K-2025-06-26-0,simple fact,hierarchical,hybrid,0.2,1.0,0.205
auto-MA-8-K-2025-06-26-0,simple fact,hierarchical,hybrid+rerank,0.2,1.0,0.153
auto-V-10-Q-2025-04-30-2,simple fact,fixed,vector,0.0,0.0,0.418
auto-V-10-Q-2025-04-30-2,simple fact,fixed,bm25,0.2,0.25,0.215
auto-V-10-Q-2025-04-30-2,simple fact,fixed,hybrid,0.2,0.25,0.166
auto-V-10-Q-2025-04-30-2,simple fact,fixed,hybrid+rerank,0.2,0.25,0.199
auto-V-10-Q-2025-04-30-2,simple fact,section,vector,0.0,0.0,0.208
auto-V-10-Q-2025-04-30-2,simple fact,section,bm25,0.4,1.0,0.25
auto-V-10-Q-2025-04-30-2,simple fact,section,hybrid,0.2,0.5,0.173
auto-V-10-Q-2025-04-30-2,simple fact,section,hybrid+rerank,0.2,0.5,0.296
auto-V-10-Q-2025-04-30-2,simple fact,semantic,vector,0.2,0.5,0.233
auto-V-10-Q-2025-04-30-2,simple fact,semantic,bm25,0.0,0.0,0.399
auto-V-10-Q-2025-04-30-2,simple fact,semantic,hybrid,0.2,0.5,0.285
auto-V-10-Q-2025-04-30-2,simple fact,semantic,hybrid+rerank,0.2,0.5,0.263
auto-V-10-Q-2025-04-30-2,simple fact,hierarchical,vector,0.2,0.5,0.233
auto-V-10-Q-2025-04-30-2,simple fact,hierarchical,bm25,0.0,0.0,0.399
auto-V-10-Q-2025-04-30-2,simple fact,hierarchical,hybrid,0.2,0.5,0.285
auto-V-10-Q-2025-04-30-2,simple fact,hierarchical,hybrid+rerank,0.2,0.5,0.347
auto-V-10-Q-2025-04-30-4,simple fact,fixed,vector,0.2,0.3333333333333333,0.344
auto-V-10-Q-2025-04-30-4,simple fact,fixed,bm25,0.2,0.3333333333333333,0.264
auto-V-10-Q-2025-04-30-4,simple fact,fixed,hybrid,0.0,0.0,0.257
auto-V-10-Q-2025-04-30-4,simple fact,fixed,hybrid+rerank,0.2,0.3333333333333333,0.3
auto-V-10-Q-2025-04-30-4,simple fact,section,vector,0.2,0.3333333333333333,0.345
auto-V-10-Q-2025-04-30-4,simple fact,section,bm25,0.2,0.3333333333333333,0.24
auto-V-10-Q-2025-04-30-4,simple fact,section,hybrid,0.2,0.3333333333333333,0.253
auto-V-10-Q-2025-04-30-4,simple fact,section,hybrid+rerank,0.2,0.3333333333333333,0.342
auto-V-10-Q-2025-04-30-4,simple fact,semantic,vector,0.2,0.5,0.663
auto-V-10-Q-2025-04-30-4,simple fact,semantic,bm25,0.0,0.0,0.613
auto-V-10-Q-2025-04-30-4,simple fact,semantic,hybrid,0.2,0.5,0.469
auto-V-10-Q-2025-04-30-4,simple fact,semantic,hybrid+rerank,0.4,1.0,0.811
auto-V-10-Q-2025-04-30-4,simple fact,hierarchical,vector,0.2,0.5,0.789
auto-V-10-Q-2025-04-30-4,simple fact,hierarchical,bm25,0.0,0.0,0.613
auto-V-10-Q-2025-04-30-4,simple fact,hierarchical,hybrid,0.0,0.0,0.595
auto-V-10-Q-2025-04-30-4,simple fact,hierarchical,hybrid+rerank,0.4,1.0,0.811
auto-MA-8-K-2025-11-12-3,simple fact,fixed,vector,0.0,0.0,0.128
auto-MA-8-K-2025-11-12-3,simple fact,fixed,bm25,0.4,1.0,0.202
auto-MA-8-K-2025-11-12-3,simple fact,fixed,hybrid,0.0,0.0,0.155
auto-MA-8-K-2025-11-12-3,simple fact,fixed,hybrid+rerank,0.4,1.0,0.179
auto-MA-8-K-2025-11-12-3,simple fact,section,vector,0.0,0.0,0.199
auto-MA-8-K-2025-11-12-3,simple fact,section,bm25,0.2,1.0,0.216
auto-MA-8-K-2025-11-12-3,simple fact,section,hybrid,0.2,1.0,0.216
auto-MA-8-K-2025-11-12-3,simple fact,section,hybrid+rerank,0.2,1.0,0.144
auto-MA-8-K-2025-11-12-3,simple fact,semantic,vector,0.2,1.0,0.211
auto-MA-8-K-2025-11-12-3,simple fact,semantic,bm25,0.2,1.0,0.3
auto-MA-8-K-2025-11-12-3,simple fact,semantic,hybrid,0.2,1.0,0.211
auto-MA-8-K-2025-11-12-3,simple fact,semantic,hybrid+rerank,0.2,1.0,0.211
auto-MA-8-K-2025-11-12-3,simple fact,hierarchical,vector,0.2,1.0,0.211
auto-MA-8-K-2025-11-12-3,simple fact,hierarchical,bm25,0.2,1.0,0.538
auto-MA-8-K-2025-11-12-3,simple fact,hierarchical,hybrid,0.2,1.0,0.194
auto-MA-8-K-2025-11-12-3,simple fact,hierarchical,hybrid+rerank,0.2,1.0,0.086
auto-V-8-K-2025-09-19-0,simple fact,fixed,vector,0.0,0.0,0.207
auto-V-8-K-2025-09-19-0,simple fact,fixed,bm25,0.2,1.0,0.18
auto-V-8-K-2025-09-19-0,simple fact,fixed,hybrid,0.2,1.0,0.321
auto-V-8-K-2025-09-19-0,simple fact,fixed,hybrid+rerank,0.2,1.0,0.166
auto-V-8-K-2025-09-19-0,simple fact,section,vector,0.2,1.0,0.303
auto-V-8-K-2025-09-19-0,simple fact,section,bm25,0.2,1.0,0.369
auto-V-8-K-2025-09-19-0,simple fact,section,hybrid,0.2,1.0,0.287
auto-V-8-K-2025-09-19-0,simple fact,section,hybrid+rerank,0.2,1.0,0.392
auto-V-8-K-2025-09-19-0,simple fact,semantic,vector,,,0.42
auto-V-8-K-2025-09-19-0,simple fact,semantic,bm25,,,0.228
auto-V-8-K-2025-09-19-0,simple fact,semantic,hybrid,,,0.371
auto-V-8-K-2025-09-19-0,simple fact,semantic,hybrid+rerank,,,0.442
auto-V-8-K-2025-09-19-0,simple fact,hierarchical,vector,,,0.42
auto-V-8-K-2025-09-19-0,simple fact,hierarchical,bm25,,,0.288
auto-V-8-K-2025-09-19-0,simple fact,hierarchical,hybrid,,,0.295
auto-V-8-K-2025-09-19-0,simple fact,hierarchical,hybrid+rerank,,,0.442
auto-V-8-K-2025-09-29-1,simple fact,fixed,vector,0.0,0.0,0.216
auto-V-8-K-2025-09-29-1,simple fact,fixed,bm25,0.2,1.0,0.109
auto-V-8-K-2025-09-29-1,simple fact,fixed,hybrid,0.2,1.0,0.064
auto-V-8-K-2025-09-29-1,simple fact,fixed,hybrid+rerank,0.2,1.0,0.185
auto-V-8-K-2025-09-29-1,simple fact,section,vector,0.0,0.0,0.265
auto-V-8-K-2025-09-29-1,simple fact,section,bm25,0.2,1.0,0.09
auto-V-8-K-2025-09-29-1,simple fact,section,hybrid,0.2,1.0,0.16
auto-V-8-K-2025-09-29-1,simple fact,section,hybrid+rerank,0.2,1.0,0.151
auto-V-8-K-2025-09-29-1,simple fact,semantic,vector,0.2,1.0,0.366
auto-V-8-K-2025-09-29-1,simple fact,semantic,bm25,0.2,1.0,0.355
auto-V-8-K-2025-09-29-1,simple fact,semantic,hybrid,0.2,1.0,0.1
auto-V-8-K-2025-09-29-1,simple fact,semantic,hybrid+rerank,0.2,1.0,0.122
auto-V-8-K-2025-09-29-1,simple fact,hierarchical,vector,0.2,1.0,0.565
auto-V-8-K-2025-09-29-1,simple fact,hierarchical,bm25,0.2,1.0,0.067
auto-V-8-K-2025-09-29-1,simple fact,hierarchical,hybrid,0.2,1.0,0.151
auto-V-8-K-2025-09-29-1,simple fact,hierarchical,hybrid+rerank,0.2,1.0,0.341
auto-V-8-K-2025-09-29-4,simple fact,fixed,vector,0.2,1.0,0.171
auto-V-8-K-2025-09-29-4,simple fact,fixed,bm25,0.2,1.0,0.196
auto-V-8-K-2025-09-29-4,simple fact,fixed,hybrid,0.2,1.0,0.164
auto-V-8-K-2025-09-29-4,simple fact,fixed,hybrid+rerank,0.2,1.0,0.206
auto-V-8-K-2025-09-29-4,simple fact,section,vector,0.2,1.0,0.199
auto-V-8-K-2025-09-29-4,simple fact,section,bm25,0.2,1.0,0.368
auto-V-8-K-2025-09-29-4,simple fact,section,hybrid,0.2,1.0,0.151
auto-V-8-K-2025-09-29-4,simple fact,section,hybrid+rerank,0.2,1.0,0.195
auto-V-8-K-2025-09-29-4,simple fact,semantic,vector,0.2,1.0,0.097
auto-V-8-K-2025-09-29-4,simple fact,semantic,bm25,0.2,1.0,0.21
auto-V-8-K-2025-09-29-4,simple fact,semantic,hybrid,0.2,1.0,0.219
auto-V-8-K-2025-09-29-4,simple fact,semantic,hybrid+rerank,0.2,1.0,0.351
auto-V-8-K-2025-09-29-4,simple fact,hierarchical,vector,0.2,1.0,0.125
auto-V-8-K-2025-09-29-4,simple fact,hierarchical,bm25,0.2,1.0,0.225
auto-V-8-K-2025-09-29-4,simple fact,hierarchical,hybrid,0.2,1.0,0.301
auto-V-8-K-2025-09-29-4,simple fact,hierarchical,hybrid+rerank,0.2,1.0,0.351
auto-V-8-K-2025-08-08-2,deep context,fixed,vector,0.0,0.0,0.203
auto-V-8-K-2025-08-08-2,deep context,fixed,bm25,0.4,1.0,0.287
auto-V-8-K-2025-08-08-2,deep context,fixed,hybrid,0.4,1.0,0.182
auto-V-8-K-2025-08-08-2,deep context,fixed,hybrid+rerank,0.4,1.0,0.13
auto-V-8-K-2025-08-08-2,deep context,section,vector,0.2,0.3333333333333333,0.11
auto-V-8-K-2025-08-08-2,deep context,section,bm25,0.6,1.0,0.248
auto-V-8-K-2025-08-08-2,deep context,section,hybrid,0.6,1.0,0.165
auto-V-8-K-2025-08-08-2,deep context,section,hybrid+rerank,0.6,1.0,0.18
auto-V-8-K-2025-08-08-2,deep context,semantic,vector,0.0,0.0,0.086
auto-V-8-K-2025-08-08-2,deep context,semantic,bm25,0.2,1.0,0.137
auto-V-8-K-2025-08-08-2,deep context,semantic,hybrid,0.2,1.0,0.145
auto-V-8-K-2025-08-08-2,deep context,semantic,hybrid+rerank,0.2,1.0,0.22
auto-V-8-K-2025-08-08-2,deep context,hierarchical,vector,0.0,0.0,0.052
auto-V-8-K-2025-08-08-2,deep context,hierarchical,bm25,0.2,1.0,0.137
auto-V-8-K-2025-08-08-2,deep context,hierarchical,hybrid,0.2,1.0,0.145
auto-V-8-K-2025-08-08-2,deep context,hierarchical,hybrid+rerank,0.2,1.0,0.22
auto-V-10-K-2025-11-06-1,deep context,fixed,vector,0.2,1.0,0.163
auto-V-10-K-2025-11-06-1,deep context,fixed,bm25,0.0,0.0,0.426
auto-V-10-K-2025-11-06-1,deep context,fixed,hybrid,0.2,1.0,0.089
auto-V-10-K-2025-11-06-1,deep context,fixed,hybrid+rerank,0.2,1.0,0.151
auto-V-10-K-2025-11-06-1,deep context,section,vector,0.2,1.0,0.226
auto-V-10-K-2025-11-06-1,deep context,section,bm25,0.0,0.0,0.471
auto-V-10-K-2025-11-06-1,deep context,section,hybrid,0.2,1.0,0.182
auto-V-10-K-2025-11-06-1,deep context,section,hybrid+rerank,0.2,1.0,0.177
auto-V-10-K-2025-11-06-1,deep context,semantic,vector,0.2,1.0,0.215
auto-V-10-K-2025-11-06-1,deep context,semantic,bm25,0.2,1.0,0.109
auto-V-10-K-2025-11-06-1,deep context,semantic,hybrid,0.2,1.0,0.209
auto-V-10-K-2025-11-06-1,deep context,semantic,hybrid+rerank,0.2,1.0,0.199
auto-V-10-K-2025-11-06-1,deep context,hierarchical,vector,0.2,1.0,0.215
auto-V-10-K-2025-11-06-1,deep context,hierarchical,bm25,0.2,1.0,0.109
auto-V-10-K-2025-11-06-1,deep context,hierarchical,hybrid,0.2,1.0,0.204
auto-V-10-K-2025-11-06-1,deep context,hierarchical,hybrid+rerank,0.2,1.0,0.199
auto-V-8-K-2025-12-23-0,simple fact,fixed,vector,0.2,1.0,0.223
auto-V-8-K-2025-12-23-0,simple fact,fixed,bm25,0.2,1.0,0.179
auto-V-8-K-2025-12-23-0,simple fact,fixed,hybrid,0.2,1.0,0.321
auto-V-8-K-2025-12-23-0,simple fact,fixed,hybrid+rerank,0.2,1.0,0.136
auto-V-8-K-2025-12-23-0,simple fact,section,vector,0.2,1.0,0.271
auto-V-8-K-2025-12-23-0,simple fact,section,bm25,0.2,1.0,0.267
auto-V-8-K-2025-12-23-0,simple fact,section,hybrid,0.2,1.0,0.271
auto-V-8-K-2025-12-23-0,simple fact,section,hybrid+rerank,0.2,1.0,0.36
auto-V-8-K-2025-12-23-0,simple fact,semantic,vector,,,0.271
auto-V-8-K-2025-12-23-0,simple fact,semantic,bm25,,,0.398
auto-V-8-K-2025-12-23-0,simple fact,semantic,hybrid,,,0.371
auto-V-8-K-2025-12-23-0,simple fact,semantic,hybrid+rerank,,,0.432
auto-V-8-K-2025-12-23-0,simple fact,hierarchical,vector,,,0.271
auto-V-8-K-2025-12-23-0,simple fact,hierarchical,bm25,,,0.288
auto-V-8-K-2025-12-23-0,simple fact,hierarchical,hybrid,,,0.451
auto-V-8-K-2025-12-23-0,simple fact,hierarchical,hybrid+rerank,,,0.457
auto-V-8-K-2025-08-08-1,simple fact,fixed,vector,0.4,1.0,0.178
auto-V-8-K-2025-08-08-1,simple fact,fixed,bm25,0.4,1.0,0.223
auto-V-8-K-2025-08-08-1,simple fact,fixed,hybrid,0.4,1.0,0.213
auto-V-8-K-2025-08-08-1,simple fact,fixed,hybrid+rerank,0.4,1.0,0.281
auto-V-8-K-2025-08-08-1,simple fact,section,vector,0.4,1.0,0.21
auto-V-8-K-2025-08-08-1,simple fact,section,bm25,0.4,1.0,0.24
auto-V-8-K-2025-08-08-1,simple fact,section,hybrid,0.4,1.0,0.23
auto-V-8-K-2025-08-08-1,simple fact,section,hybrid+rerank,0.4,1.0,0.339
auto-V-8-K-2025-08-08-1,simple fact,semantic,vector,0.2,1.0,0.192
auto-V-8-K-2025-08-08-1,simple fact,semantic,bm25,0.2,1.0,0.429
auto-V-8-K-2025-08-08-1,simple fact,semantic,hybrid,0.2,1.0,0.193
auto-V-8-K-2025-08-08-1,simple fact,semantic,hybrid+rerank,0.2,1.0,0.206
auto-V-8-K-2025-08-08-1,simple fact,hierarchical,vector,0.2,1.0,0.192
auto-V-8-K-2025-08-08-1,simple fact,hierarchical,bm25,0.2,1.0,0.182
auto-V-8-K-2025-08-08-1,simple fact,hierarchical,hybrid,0.2,1.0,0.193
auto-V-8-K-2025-08-08-1,simple fact,hierarchical,hybrid+rerank,0.2,1.0,0.188
auto-V-8-K-2025-12-30-4,simple fact,fixed,vector,0.0,0.0,0.287
auto-V-8-K-2025-12-30-4,simple fact,fixed,bm25,0.2,1.0,0.154
auto-V-8-K-2025-12-30-4,simple fact,fixed,hybrid,0.0,0.0,0.308
auto-V-8-K-2025-12-30-4,simple fact,fixed,hybrid+rerank,0.2,1.0,0.288
auto-V-8-K-2025-12-30-4,simple fact,section,vector,0.0,0.0,0.448
auto-V-8-K-2025-12-30-4,simple fact,section,bm25,0.2,1.0,0.31
auto-V-8-K-2025-12-30-4,simple fact,section,hybrid,0.0,0.0,0.201
auto-V-8-K-2025-12-30-4,simple fact,section,hybrid+rerank,0.0,0.0,0.438
auto-V-8-K-2025-12-30-4,simple fact,semantic,vector,0.2,1.0,0.334
auto-V-8-K-2025-12-30-4,simple fact,semantic,bm25,0.2,1.0,0.266
auto-V-8-K-2025-12-30-4,simple fact,semantic,hybrid,0.2,1.0,0.276
auto-V-8-K-2025-12-30-4,simple fact,semantic,hybrid+rerank,0.2,1.0,0.352
auto-V-8-K-2025-12-30-4,simple fact,hierarchical,vector,0.2,1.0,0.334
auto-V-8-K-2025-12-30-4,simple fact,hierarchical,bm25,0.2,1.0,0.266
auto-V-8-K-2025-12-30-4,simple fact,hierarchical,hybrid,0.2,1.0,0.276
auto-V-8-K-2025-12-30-4,simple fact,hierarchical,hybrid+rerank,0.2,1.0,0.352
auto-MA-8-K-2025-02-26-0,simple fact,fixed,vector,0.4,1.0,0.119
auto-MA-8-K-2025-02-26-0,simple fact,fixed,bm25,0.4,1.0,0.09
auto-MA-8-K-2025-02-26-0,simple fact,fixed,hybrid,0.4,1.0,0.09
auto-MA-8-K-2025-02-26-0,simple fact,fixed,hybrid+rerank,0.4,1.0,0.133
auto-MA-8-K-2025-02-26-0,simple fact,section,vector,0.2,1.0,0.189
auto-MA-8-K-2025-02-26-0,simple fact,section,bm25,0.2,1.0,0.075
auto-MA-8-K-2025-02-26-0,simple fact,section,hybrid,0.2,1.0,0.084
auto-MA-8-K-2025-02-26-0,simple fact,section,hybrid+rerank,0.2,1.0,0.198
auto-MA-8-K-2025-02-26-0,simple fact,semantic,vector,0.2,1.0,0.261
auto-MA-8-K-2025-02-26-0,simple fact,semantic,bm25,0.2,1.0,0.07
auto-MA-8-K-2025-02-26-0,simple fact,semantic,hybrid,0.2,1.0,0.092
auto-MA-8-K-2025-02-26-0,simple fact,semantic,hybrid+rerank,0.2,1.0,0.188
auto-MA-8-K-2025-02-26-0,simple fact,hierarchical,vector,0.2,1.0,0.315
auto-MA-8-K-2025-02-26-0,simple fact,hierarchical,bm25,0.2,1.0,0.07
auto-MA-8-K-2025-02-26-0,simple fact,hierarchical,hybrid,0.2,1.0,0.164
auto-MA-8-K-2025-02-26-0,simple fact,hierarchical,hybrid+rerank,0.2,1.0,0.142
auto-MA-8-K-2025-06-26-5,simple fact,fixed,vector,0.2,1.0,0.283
auto-MA-8-K-2025-06-26-5,simple fact,fixed,bm25,0.2,1.0,0.146
auto-MA-8-K-2025-06-26-5,simple fact,fixed,hybrid,0.2,1.0,0.339
auto-MA-8-K-2025-06-26-5,simple fact,fixed,hybrid+rerank,0.2,1.0,0.099
auto-MA-8-K-2025-06-26-5,simple fact,section,vector,0.4,1.0,0.181
auto-MA-8-K-2025-06-26-5,simple fact,section,bm25,0.4,1.0,0.139
auto-MA-8-K-2025-06-26-5,simple fact,section,hybrid,0.4,1.0,0.187
auto-MA-8-K-2025-06-26-5,simple fact,section,hybrid+rerank,0.4,1.0,0.132
auto-MA-8-K-2025-06-26-5,simple fact,semantic,vector,0.2,1.0,0.261
auto-MA-8-K-2025-06-26-5,simple fact,semantic,bm25,0.2,1.0,0.134
auto-MA-8-K-2025-06-26-5,simple fact,semantic,hybrid,0.2,1.0,0.17
auto-MA-8-K-2025-06-26-5,simple fact,semantic,hybrid+rerank,0.2,1.0,0.142
auto-MA-8-K-2025-06-26-5,simple fact,hierarchical,vector,0.2,1.0,0.317
auto-MA-8-K-2025-06-26-5,simple fact,hierarchical,bm25,0.2,1.0,0.134
auto-MA-8-K-2025-06-26-5,simple fact,hierarchical,hybrid,0.2,1.0,0.113
auto-MA-8-K-2025-06-26-5,simple fact,hierarchical,hybrid+rerank,0.2,1.0,0.151
auto-MA-8-K-2025-10-30-1,simple fact,fixed,vector,0.0,0.0,0.144
auto-MA-8-K-2025-10-30-1,simple fact,fixed,bm25,0.0,0.0,0.153
auto-MA-8-K-2025-10-30-1,simple fact,fixed,hybrid,0.0,0.0,0.151
auto-MA-8-K-2025-10-30-1,simple fact,fixed,hybrid+rerank,0.0,0.0,0.271
auto-MA-8-K-2025-10-30-1,simple fact,section,vector,0.2,1.0,0.502
auto-MA-8-K-2025-10-30-1,simple fact,section,bm25,0.2,1.0,0.177
auto-MA-8-K-2025-10-30-1,simple fact,section,hybrid,0.2,1.0,0.356
auto-MA-8-K-2025-10-30-1,simple fact,section,hybrid+rerank,0.2,1.0,0.372
auto-MA-8-K-2025-10-30-1,simple fact,semantic,vector,0.0,0.0,0.636
auto-MA-8-K-2025-10-30-1,simple fact,semantic,bm25,0.2,1.0,0.253
auto-MA-8-K-2025-10-30-1,simple fact,semantic,hybrid,0.2,1.0,0.267
auto-MA-8-K-2025-10-30-1,simple fact,semantic,hybrid+rerank,0.2,1.0,0.493
auto-MA-8-K-2025-10-30-1,simple fact,hierarchical,vector,0.2,1.0,0.551
auto-MA-8-K-2025-10-30-1,simple fact,hierarchical,bm25,0.2,1.0,0.253
auto-MA-8-K-2025-10-30-1,simple fact,hierarchical,hybrid,0.2,1.0,0.383
auto-MA-8-K-2025-10-30-1,simple fact,hierarchical,hybrid+rerank,0.2,1.0,0.493
auto-V-10-Q-2025-04-30-1,simple fact,fixed,vector,0.2,1.0,0.482
auto-V-10-Q-2025-04-30-1,simple fact,fixed,bm25,0.2,1.0,0.506
auto-V-10-Q-2025-04-30-1,simple fact,fixed,hybrid,0.2,1.0,0.48
auto-V-10-Q-2025-04-30-1,simple fact,fixed,hybrid+rerank,0.2,1.0,0.48
auto-V-10-Q-2025-04-30-1,simple fact,section,vector,0.2,1.0,0.275
auto-V-10-Q-2025-04-30-1,simple fact,section,bm25,0.2,1.0,0.464
auto-V-10-Q-2025-04-30-1,simple fact,section,hybrid,0.2,1.0,0.464
auto-V-10-Q-2025-04-30-1,simple fact,section,hybrid+rerank,0.2,1.0,0.392
auto-V-10-Q-2025-04-30-1,simple fact,semantic,vector,0.0,0.0,0.48
auto-V-10-Q-2025-04-30-1,simple fact,semantic,bm25,0.2,1.0,0.442
auto-V-10-Q-2025-04-30-1,simple fact,semantic,hybrid,0.0,0.0,0.48
auto-V-10-Q-2025-04-30-1,simple fact,semantic,hybrid+rerank,0.2,1.0,0.412
auto-V-10-Q-2025-04-30-1,simple fact,hierarchical,vector,0.0,0.0,0.48
auto-V-10-Q-2025-04-30-1,simple fact,hierarchical,bm25,0.2,1.0,0.442
auto-V-10-Q-2025-04-30-1,simple fact,hierarchical,hybrid,0.0,0.0,0.48
auto-V-10-Q-2025-04-30-1,simple fact,hierarchical,hybrid+rerank,0.2,1.0,0.412
auto-MA-8-K-2025-02-27-3,simple fact,fixed,vector,0.0,0.0,0.499
auto-MA-8-K-2025-02-27-3,simple fact,fixed,bm25,0.2,1.0,0.248
auto-MA-8-K-2025-02-27-3,simple fact,fixed,hybrid,0.0,0.0,0.374
auto-MA-8-K-2025-02-27-3,simple fact,fixed,hybrid+rerank,0.0,0.0,0.567
auto-MA-8-K-2025-02-27-3,simple fact,section,vector,0.0,0.0,0.635
auto-MA-8-K-2025-02-27-3,simple fact,section,bm25,0.4,1.0,0.234
auto-MA-8-K-2025-02-27-3,simple fact,section,hybrid,0.0,0.0,0.222
auto-MA-8-K-2025-02-27-3,simple fact,section,hybrid+rerank,0.2,0.5,0.427
auto-MA-8-K-2025-02-27-3,simple fact,semantic,vector,0.0,0.0,0.437
auto-MA-8-K-2025-02-27-3,simple fact,semantic,bm25,0.2,1.0,0.201
auto-MA-8-K-2025-02-27-3,simple fact,semantic,hybrid,0.0,0.0,0.322
auto-MA-8-K-2025-02-27-3,simple fact,semantic,hybrid+rerank,0.2,1.0,0.349
auto-MA-8-K-2025-02-27-3,simple fact,hierarchical,vector,0.0,0.0,0.437
auto-MA-8-K-2025-02-27-3,simple fact,hierarchical,bm25,0.2,1.0,0.201
auto-MA-8-K-2025-02-27-3,simple fact,hierarchical,hybrid,0.0,0.0,0.321
auto-MA-8-K-2025-02-27-3,simple fact,hierarchical,hybrid+rerank,0.2,1.0,0.349
auto-V-8-K-2025-09-29-2,simple fact,fixed,vector,0.2,1.0,0.508
auto-V-8-K-2025-09-29-2,simple fact,fixed,bm25,0.0,0.0,0.137
auto-V-8-K-2025-09-29-2,simple fact,fixed,hybrid,0.2,1.0,0.64
auto-V-8-K-2025-09-29-2,simple fact,fixed,hybrid+rerank,0.2,1.0,0.525
auto-V-8-K-2025-09-29-2,simple fact,section,vector,0.0,0.0,0.387
auto-V-8-K-2025-09-29-2,simple fact,section,bm25,0.0,0.0,0.133
auto-V-8-K-2025-09-29-2,simple fact,section,hybrid,0.2,1.0,0.493
auto-V-8-K-2025-09-29-2,simple fact,section,hybrid+rerank,0.2,1.0,0.55
auto-V-8-K-2025-09-29-2,simple fact,semantic,vector,0.0,0.0,0.362
auto-V-8-K-2025-09-29-2,simple fact,semantic,bm25,0.0,0.0,0.346
auto-V-8-K-2025-09-29-2,simple fact,semantic,hybrid,0.0,0.0,0.378
auto-V-8-K-2025-09-29-2,simple fact,semantic,hybrid+rerank,0.0,0.0,0.468
auto-V-8-K-2025-09-29-2,simple fact,hierarchical,vector,0.0,0.0,0.307
auto-V-8-K-2025-09-29-2,simple fact,hierarchical,bm25,0.0,0.0,0.346
auto-V-8-K-2025-09-29-2,simple fact,hierarchical,hybrid,0.0,0.0,0.472
auto-V-8-K-2025-09-29-2,simple fact,hierarchical,hybrid+rerank,0.0,0.0,0.362
auto-MA-10-Q-2025-07-31-2,simple fact,fixed,vector,0.0,0.0,0.205
auto-MA-10-Q-2025-07-31-2,simple fact,fixed,bm25,0.2,0.2,0.41
auto-MA-10-Q-2025-07-31-2,simple fact,fixed,hybrid,0.2,0.2,0.405
auto-MA-10-Q-2025-07-31-2,simple fact,fixed,hybrid+rerank,0.4,0.4,0.388
auto-MA-10-Q-2025-07-31-2,simple fact,section,vector,0.0,0.0,0.13
auto-MA-10-Q-2025-07-31-2,simple fact,section,bm25,0.2,0.25,0.41
auto-MA-10-Q-2025-07-31-2,simple fact,section,hybrid,0.2,0.25,0.226
auto-MA-10-Q-2025-07-31-2,simple fact,section,hybrid+rerank,0.2,0.25,0.325
auto-MA-10-Q-2025-07-31-2,simple fact,semantic,vector,0.0,0.0,0.139
auto-MA-10-Q-2025-07-31-2,simple fact,semantic,bm25,0.2,0.2,0.448
auto-MA-10-Q-2025-07-31-2,simple fact,semantic,hybrid,0.2,0.2,0.387
auto-MA-10-Q-2025-07-31-2,simple fact,semantic,hybrid+rerank,0.2,0.2,0.339
auto-MA-10-Q-2025-07-31-2,simple fact,hierarchical,vector,0.0,0.0,0.139
auto-MA-10-Q-2025-07-31-2,simple fact,hierarchical,bm25,0.2,0.2,0.55
auto-MA-10-Q-2025-07-31-2,simple fact,hierarchical,hybrid,0.2,0.2,0.314
auto-MA-10-Q-2025-07-31-2,simple fact,hierarchical,hybrid+rerank,0.2,0.2,0.339
auto-MA-10-Q-2025-07-31-5,simple fact,fixed,vector,0.2,0.5,0.392
auto-MA-10-Q-2025-07-31-5,simple fact,fixed,bm25,0.4,1.0,0.593
auto-MA-10-Q-2025-07-31-5,simple fact,fixed,hybrid,0.4,1.0,0.597
auto-MA-10-Q-2025-07-31-5,simple fact,fixed,hybrid+rerank,0.2,0.5,0.543
auto-MA-10-Q-2025-07-31-5,simple fact,section,vector,0.2,0.3333333333333333,0.427
auto-MA-10-Q-2025-07-31-5,simple fact,section,bm25,0.2,0.3333333333333333,0.589
auto-MA-10-Q-2025-07-31-5,simple fact,section,hybrid,0.2,0.3333333333333333,0.531
auto-MA-10-Q-2025-07-31-5,simple fact,section,hybrid+rerank,0.4,0.6666666666666666,0.572
auto-MA-10-Q-2025-07-31-5,simple fact,semantic,vector,0.4,0.6666666666666666,0.802
auto-MA-10-Q-2025-07-31-5,simple fact,semantic,bm25,0.4,0.6666666666666666,0.819
auto-MA-10-Q-2025-07-31-5,simple fact,semantic,hybrid,0.2,0.3333333333333333,0.801
auto-MA-10-Q-2025-07-31-5,simple fact,semantic,hybrid+rerank,0.2,0.3333333333333333,0.683
auto-MA-10-Q-2025-07-31-5,simple fact,hierarchical,vector,0.4,0.6666666666666666,0.802
auto-MA-10-Q-2025-07-31-5,simple fact,hierarchical,bm25,0.4,0.6666666666666666,0.742
auto-MA-10-Q-2025-07-31-5,simple fact,hierarchical,hybrid,0.4,0.6666666666666666,0.801
auto-MA-10-Q-2025-07-31-5,simple fact,hierarchical,hybrid+rerank,0.2,0.3333333333333333,0.683
auto-V-10-Q-2025-01-31-5,simple fact,fixed,vector,0.0,0.0,0.101
auto-V-10-Q-2025-01-31-5,simple fact,fixed,bm25,0.2,1.0,0.377
auto-V-10-Q-2025-01-31-5,simple fact,fixed,hybrid,0.2,1.0,0.101
auto-V-10-Q-2025-01-31-5,simple fact,fixed,hybrid+rerank,0.2,1.0,0.223
auto-V-10-Q-2025-01-31-5,simple fact,section,vector,0.0,0.0,0.086
auto-V-10-Q-2025-01-31-5,simple fact,section,bm25,0.2,0.5,0.374
auto-V-10-Q-2025-01-31-5,simple fact,section,hybrid,0.2,0.5,0.13
auto-V-10-Q-2025-01-31-5,simple fact,section,hybrid+rerank,0.2,0.5,0.136
auto-V-10-Q-2025-01-31-5,simple fact,semantic,vector,0.0,0.0,0.351
auto-V-10-Q-2025-01-31-5,simple fact,semantic,bm25,0.2,1.0,0.391
auto-V-10-Q-2025-01-31-5,simple fact,semantic,hybrid,0.2,1.0,0.196
auto-V-10-Q-2025-01-31-5,simple fact,semantic,hybrid+rerank,0.2,1.0,0.204
auto-V-10-Q-2025-01-31-5,simple fact,hierarchical,vector,0.0,0.0,0.351
auto-V-10-Q-2025-01-31-5,simple fact,hierarchical,bm25,0.2,1.0,0.391
auto-V-10-Q-2025-01-31-5,simple fact,hierarchical,hybrid,0.2,1.0,0.204
auto-V-10-Q-2025-01-31-5,simple fact,hierarchical,hybrid+rerank,0.2,1.0,0.204
auto-MA-10-Q-2025-07-31-0,deep context,fixed,vector,0.0,0.0,0.207
auto-MA-10-Q-2025-07-31-0,deep context,fixed,bm25,0.6,1.0,0.358
auto-MA-10-Q-2025-07-31-0,deep context,fixed,hybrid,0.4,0.6666666666666666,0.234
auto-MA-10-Q-2025-07-31-0,deep context,fixed,hybrid+rerank,0.6,1.0,0.339
auto-MA-10-Q-2025-07-31-0,deep context,section,vector,0.0,0.0,0.164
auto-MA-10-Q-2025-07-31-0,deep context,section,bm25,0.2,0.25,0.308
auto-MA-10-Q-2025-07-31-0,deep context,section,hybrid,0.0,0.0,0.166
auto-MA-10-Q-2025-07-31-0,deep context,section,hybrid+rerank,0.4,0.5,0.33
auto-MA-10-Q-2025-07-31-0,deep context,semantic,vector,0.0,0.0,0.291
auto-MA-10-Q-2025-07-31-0,deep context,semantic,bm25,0.6,1.0,0.436
auto-MA-10-Q-2025-07-31-0,deep context,semantic,hybrid,0.0,0.0,0.366
auto-MA-10-Q-2025-07-31-0,deep context,semantic,hybrid+rerank,0.6,1.0,0.558
auto-MA-10-Q-2025-07-31-0,deep context,hierarchical,vector,0.0,0.0,0.291
auto-MA-10-Q-2025-07-31-0,deep context,hierarchical,bm25,0.6,1.0,0.436
auto-MA-10-Q-2025-07-31-0,deep context,hierarchical,hybrid,0.0,0.0,0.349
auto-MA-10-Q-2025-07-31-0,deep context,hierarchical,hybrid+rerank,0.6,1.0,0.558
auto-V-10-K-2025-11-06-2,deep context,fixed,vector,0.2,1.0,0.192
auto-V-10-K-2025-11-06-2,deep context,fixed,bm25,0.2,1.0,0.39
auto-V-10-K-2025-11-06-2,deep context,fixed,hybrid,0.2,1.0,0.39
auto-V-10-K-2025-11-06-2,deep context,fixed,hybrid+rerank,0.2,1.0,0.39
auto-V-10-K-2025-11-06-2,deep context,section,vector,0.2,1.0,0.191
auto-V-10-K-2025-11-06-2,deep context,section,bm25,0.2,1.0,0.396
auto-V-10-K-2025-11-06-2,deep context,section,hybrid,0.2,1.0,0.275
auto-V-10-K-2025-11-06-2,deep context,section,hybrid+rerank,0.2,1.0,0.396
auto-V-10-K-2025-11-06-2,deep context,semantic,vector,0.2,1.0,0.248
auto-V-10-K-2025-11-06-2,deep context,semantic,bm25,0.2,1.0,0.653
auto-V-10-K-2025-11-06-2,deep context,semantic,hybrid,0.2,1.0,0.653
auto-V-10-K-2025-11-06-2,deep context,semantic,hybrid+rerank,0.2,1.0,0.653
auto-V-10-K-2025-11-06-2,deep context,hierarchical,vector,0.2,1.0,0.248
auto-V-10-K-2025-11-06-2,deep context,hierarchical,bm25,0.2,1.0,0.653
auto-V-10-K-2025-11-06-2,deep context,hierarchical,hybrid,0.2,1.0,0.653
auto-V-10-K-2025-11-06-2,deep context,hierarchical,hybrid+rerank,0.2,1.0,0.653
auto-V-10-K-2025-11-06-4,simple fact,fixed,vector,0.2,0.5,0.184
auto-V-10-K-2025-11-06-4,simple fact,fixed,bm25,0.4,1.0,0.341
auto-V-10-K-2025-11-06-4,simple fact,fixed,hybrid,0.2,0.5,0.241
auto-V-10-K-2025-11-06-4,simple fact,fixed,hybrid+rerank,0.4,1.0,0.341
auto-V-10-K-2025-11-06-4,simple fact,section,vector,0.2,0.5,0.154
auto-V-10-K-2025-11-06-4,simple fact,section,bm25,0.4,1.0,0.467
auto-V-10-K-2025-11-06-4,simple fact,section,hybrid,0.4,1.0,0.289
auto-V-10-K-2025-11-06-4,simple fact,section,hybrid+rerank,0.4,1.0,0.467
auto-V-10-K-2025-11-06-4,simple fact,semantic,vector,0.4,1.0,0.598
auto-V-10-K-2025-11-06-4,simple fact,semantic,bm25,0.4,1.0,0.773
auto-V-10-K-2025-11-06-4,simple fact,semantic,hybrid,0.4,1.0,0.773
auto-V-10-K-2025-11-06-4,simple fact,semantic,hybrid+rerank,0.4,1.0,0.773
auto-V-10-K-2025-11-06-4,simple fact,hierarchical,vector,0.4,1.0,0.598
auto-V-10-K-2025-11-06-4,simple fact,hierarchical,bm25,0.4,1.0,0.773
auto-V-10-K-2025-11-06-4,simple fact,hierarchical,hybrid,0.4,1.0,0.773
auto-V-10-K-2025-11-06-4,simple fact,hierarchical,hybrid+rerank,0.4,1.0,0.773
auto-MA-8-K-2025-11-12-0,simple fact,fixed,vector,0.0,0.0,0.097
auto-MA-8-K-2025-11-12-0,simple fact,fixed,bm25,0.0,0.0,0.148
auto-MA-8-K-2025-11-12-0,simple fact,fixed,hybrid,0.0,0.0,0.081
auto-MA-8-K-2025-11-12-0,simple fact,fixed,hybrid+rerank,0.0,0.0,0.106
auto-MA-8-K-2025-11-12-0,simple fact,section,vector,0.2,1.0,0.168
auto-MA-8-K-2025-11-12-0,simple fact,section,bm25,0.0,0.0,0.142
auto-MA-8-K-2025-11-12-0,simple fact,section,hybrid,0.2,1.0,0.092
auto-MA-8-K-2025-11-12-0,simple fact,section,hybrid+rerank,0.0,0.0,0.147
auto-MA-8-K-2025-11-12-0,simple fact,semantic,vector,0.2,1.0,0.202
auto-MA-8-K-2025-11-12-0,simple fact,semantic,bm25,0.0,0.0,0.085
auto-MA-8-K-2025-11-12-0,simple fact,semantic,hybrid,0.2,1.0,0.119
auto-MA-8-K-2025-11-12-0,simple fact,semantic,hybrid+rerank,0.2,1.0,0.146
auto-MA-8-K-2025-11-12-0,simple fact,hierarchical,vector,0.2,1.0,0.202
auto-MA-8-K-2025-11-12-0,simple fact,hierarchical,bm25,0.0,0.0,0.085
auto-MA-8-K-2025-11-12-0,simple fact,hierarchical,hybrid,0.2,1.0,0.119
auto-MA-8-K-2025-11-12-0,simple fact,hierarchical,hybrid+rerank,0.2,1.0,0.166
auto-V-10-Q-2025-07-30-1,simple fact,fixed,vector,0.0,0.0,0.179
auto-V-10-Q-2025-07-30-1,simple fact,fixed,bm25,0.2,1.0,0.156
auto-V-10-Q-2025-07-30-1,simple fact,fixed,hybrid,0.2,1.0,0.159
auto-V-10-Q-2025-07-30-1,simple fact,fixed,hybrid+rerank,0.2,1.0,0.205
auto-V-10-Q-2025-07-30-1,simple fact,section,vector,0.0,0.0,0.132
auto-V-10-Q-2025-07-30-1,simple fact,section,bm25,0.2,1.0,0.203
auto-V-10-Q-2025-07-30-1,simple fact,section,hybrid,0.2,1.0,0.146
auto-V-10-Q-2025-07-30-1,simple fact,section,hybrid+rerank,0.2,1.0,0.183
auto-V-10-Q-2025-07-30-1,simple fact,semantic,vector,0.2,1.0,0.212
auto-V-10-Q-2025-07-30-1,simple fact,semantic,bm25,0.2,1.0,0.342
auto-V-10-Q-2025-07-30-1,simple fact,semantic,hybrid,0.2,1.0,0.265
auto-V-10-Q-2025-07-30-1,simple fact,semantic,hybrid+rerank,0.2,1.0,0.394
auto-V-10-Q-2025-07-30-1,simple fact,hierarchical,vector,0.2,1.0,0.212
auto-V-10-Q-2025-07-30-1,simple fact,hierarchical,bm25,0.2,1.0,0.394
auto-V-10-Q-2025-07-30-1,simple fact,hierarchical,hybrid,0.2,1.0,0.306
auto-V-10-Q-2025-07-30-1,simple fact,hierarchical,hybrid+rerank,0.2,1.0,0.394
auto-MA-10-Q-2025-10-30-1,simple fact,fixed,vector,0.2,0.0625,0.205
auto-MA-10-Q-2025-10-30-1,simple fact,fixed,bm25,0.8,0.25,0.45
auto-MA-10-Q-2025-10-30-1,simple fact,fixed,hybrid,0.4,0.125,0.317
auto-MA-10-Q-2025-10-30-1,simple fact,fixed,hybrid+rerank,0.8,0.25,0.456
auto-MA-10-Q-2025-10-30-1,simple fact,section,vector,0.0,0.0,0.161
auto-MA-10-Q-2025-10-30-1,simple fact,section,bm25,1.0,0.3333333333333333,0.414
auto-MA-10-Q-2025-10-30-1,simple fact,section,hybrid,0.4,0.13333333333333333,0.18
auto-MA-10-Q-2025-10-30-1,simple fact,section,hybrid+rerank,1.0,0.3333333333333333,0.386
auto-MA-10-Q-2025-10-30-1,simple fact,semantic,vector,0.2,0.07692307692307693,0.137
auto-MA-10-Q-2025-10-30-1,simple fact,semantic,bm25,0.8,0.3076923076923077,0.509
auto-MA-10-Q-2025-10-30-1,simple fact,semantic,hybrid,0.6,0.23076923076923078,0.301
auto-MA-10-Q-2025-10-30-1,simple fact,semantic,hybrid+rerank,0.8,0.3076923076923077,0.349
auto-MA-10-Q-2025-10-30-1,simple fact,hierarchical,vector,0.2,0.07692307692307693,0.137
auto-MA-10-Q-2025-10-30-1,simple fact,hierarchical,bm25,0.8,0.3076923076923077,0.509
auto-MA-10-Q-2025-10-30-1,simple fact,hierarchical,hybrid,0.6,0.23076923076923078,0.301
auto-MA-10-Q-2025-10-30-1,simple fact,hierarchical,hybrid+rerank,0.6,0.23076923076923078,0.29
auto-V-8-K-2025-08-08-4,simple fact,fixed,vector,0.4,1.0,0.128
auto-V-8-K-2025-08-08-4,simple fact,fixed,bm25,0.4,1.0,0.211
auto-V-8-K-2025-08-08-4,simple fact,fixed,hybrid,0.4,1.0,0.171
auto-V-8-K-2025-08-08-4,simple fact,fixed,hybrid+rerank,0.4,1.0,0.233
auto-V-8-K-2025-08-08-4,simple fact,section,vector,0.4,1.0,0.128
auto-V-8-K-2025-08-08-4,simple fact,section,bm25,0.4,1.0,0.246
auto-V-8-K-2025-08-08-4,simple fact,section,hybrid,0.4,1.0,0.192
auto-V-8-K-2025-08-08-4,simple fact,section,hybrid+rerank,0.4,1.0,0.182
auto-V-8-K-2025-08-08-4,simple fact,semantic,vector,0.2,1.0,0.133
auto-V-8-K-2025-08-08-4,simple fact,semantic,bm25,0.2,1.0,0.261
auto-V-8-K-2025-08-08-4,simple fact,semantic,hybrid,0.2,1.0,0.121
auto-V-8-K-2025-08-08-4,simple fact,semantic,hybrid+rerank,0.2,1.0,0.228
auto-V-8-K-2025-08-08-4,simple fact,hierarchical,vector,0.2,1.0,0.117
auto-V-8-K-2025-08-08-4,simple fact,hierarchical,bm25,0.2,1.0,0.169
auto-V-8-K-2025-08-08-4,simple fact,hierarchical,hybrid,0.2,1.0,0.142
auto-V-8-K-2025-08-08-4,simple fact,hierarchical,hybrid+rerank,0.2,1.0,0.228
auto-V-8-K-2025-08-08-4,deep context,fixed,vector,0.2,0.5,0.41
auto-V-8-K-2025-08-08-4,deep context,fixed,bm25,0.4,1.0,0.29
auto-V-8-K-2025-08-08-4,deep context,fixed,hybrid,0.4,1.0,0.225
auto-V-8-K-2025-08-08-4,deep context,fixed,hybrid+rerank,0.4,1.0,0.26
auto-V-8-K-2025-08-08-4,deep context,section,vector,0.0,0.0,0.785
auto-V-8-K-2025-08-08-4,deep context,section,bm25,0.4,1.0,0.281
auto-V-8-K-2025-08-08-4,deep context,section,hybrid,0.2,0.5,0.191
auto-V-8-K-2025-08-08-4,deep context,section,hybrid+rerank,0.4,1.0,0.243
auto-V-8-K-2025-08-08-4,deep context,semantic,vector,0.0,0.0,0.601
auto-V-8-K-2025-08-08-4,deep context,semantic,bm25,0.2,1.0,0.395
auto-V-8-K-2025-08-08-4,deep context,semantic,hybrid,0.0,0.0,0.32
auto-V-8-K-2025-08-08-4,deep context,semantic,hybrid+rerank,0.2,1.0,0.376
auto-V-8-K-2025-08-08-4,deep context,hierarchical,vector,0.0,0.0,0.601
auto-V-8-K-2025-08-08-4,deep context,hierarchical,bm25,0.2,1.0,0.395
auto-V-8-K-2025-08-08-4,deep context,hierarchical,hybrid,0.0,0.0,0.32
auto-V-8-K-2025-08-08-4,deep context,hierarchical,hybrid+rerank,0.2,1.0,0.376
man-q01,simple fact,fixed,vector,0.8,0.0041109969167523125,0.324
man-q01,simple fact,fixed,bm25,0.4,0.0020554984583761563,0.228
man-q01,simple fact,fixed,hybrid,0.8,0.0041109969167523125,0.245
man-q01,simple fact,fixed,hybrid+rerank,0.6,0.003083247687564234,0.279
man-q01,simple fact,section,vector,1.0,0.00547645125958379,0.297
man-q01,simple fact,section,bm25,0.6,0.0032858707557502738,0.348
man-q01,simple fact,section,hybrid,0.8,0.004381161007667032,0.181
man-q01,simple fact,section,hybrid+rerank,0.8,0.004381161007667032,0.308
man-q01,simple fact,semantic,vector,0.6,0.002207505518763797,0.219
man-q01,simple fact,semantic,bm25,0.0,0.0,0.192
man-q01,simple fact,semantic,hybrid,0.6,0.002207505518763797,0.167
man-q01,simple fact,semantic,hybrid+rerank,0.0,0.0,0.623
man-q01,simple fact,hierarchical,vector,0.6,0.0028222013170272815,0.219
man-q01,simple fact,hierarchical,bm25,0.0,0.0,0.61
man-q01,simple fact,hierarchical,hybrid,0.6,0.0028222013170272815,0.18
man-q01,simple fact,hierarchical,hybrid+rerank,0.0,0.0,0.623
man-q02,edge case,fixed,vector,1.0,0.002376425855513308,0.156
man-q02,edge case,fixed,bm25,0.8,0.0019011406844106464,0.156
man-q02,edge case,fixed,hybrid,1.0,0.002376425855513308,0.136
man-q02,edge case,fixed,hybrid+rerank,0.8,0.0019011406844106464,0.133
man-q02,edge case,section,vector,1.0,0.002534211860111505,0.232
man-q02,edge case,section,bm25,0.8,0.0020273694880892043,0.137
man-q02,edge case,section,hybrid,0.8,0.0020273694880892043,0.134
man-q02,edge case,section,hybrid+rerank,1.0,0.002534211860111505,0.145
man-q02,edge case,semantic,vector,1.0,0.0014249073810202336,0.482
man-q02,edge case,semantic,bm25,0.4,0.0005699629524080935,0.08
man-q02,edge case,semantic,hybrid,0.8,0.001139925904816187,0.098
man-q02,edge case,semantic,hybrid+rerank,0.8,0.001139925904816187,0.088
man-q02,edge case,hierarchical,vector,1.0,0.0017755681818181818,0.482
man-q02,edge case,hierarchical,bm25,0.4,0.0007102272727272727,0.086
man-q02,edge case,hierarchical,hybrid,0.8,0.0014204545454545455,0.098
man-q02,edge case,hierarchical,hybrid+rerank,0.8,0.0014204545454545455,0.088
man-q03,simple fact,fixed,vector,0.4,0.0015037593984962407,0.337
man-q03,simple fact,fixed,bm25,0.4,0.0015037593984962407,0.261
man-q03,simple fact,fixed,hybrid,0.2,0.0007518796992481203,0.16
man-q03,simple fact,fixed,hybrid+rerank,1.0,0.0037593984962406013,0.403
man-q03,simple fact,section,vector,1.0,0.00400962309542903,0.392
man-q03,simple fact,section,bm25,0.6,0.0024057738572574178,0.177
man-q03,simple fact,section,hybrid,0.6,0.0024057738572574178,0.229
man-q03,simple fact,section,hybrid+rerank,1.0,0.00400962309542903,0.427
man-q03,simple fact,semantic,vector,0.2,0.0005216484089723526,0.129
man-q03,simple fact,semantic,bm25,0.0,0.0,0.271
man-q03,simple fact,semantic,hybrid,0.2,0.0005216484089723526,0.066
man-q03,simple fact,semantic,hybrid+rerank,0.6,0.001564945226917058,0.569
man-q03,simple fact,hierarchical,vector,0.2,0.0006666666666666666,0.129
man-q03,simple fact,hierarchical,bm25,0.2,0.0006666666666666666,0.17
man-q03,simple fact,hierarchical,hybrid,0.2,0.0006666666666666666,0.066
man-q03,simple fact,hierarchical,hybrid+rerank,0.6,0.002,0.569
man-q04,deep context,fixed,vector,1.0,0.0019833399444664813,0.137
man-q04,deep context,fixed,bm25,0.6,0.001190003966679889,0.078
man-q04,deep context,fixed,hybrid,1.0,0.0019833399444664813,0.074
man-q04,deep context,fixed,hybrid+rerank,1.0,0.0019833399444664813,0.342
man-q04,deep context,section,vector,1.0,0.0021114864864864866,0.255
man-q04,deep context,section,bm25,0.8,0.0016891891891891893,0.09
man-q04,deep context,section,hybrid,1.0,0.0021114864864864866,0.122
man-q04,deep context,section,hybrid+rerank,1.0,0.0021114864864864866,0.342
man-q04,deep context,semantic,vector,1.0,0.0012195121951219512,0.632
man-q04,deep context,semantic,bm25,0.2,0.00024390243902439024,0.087
man-q04,deep context,semantic,hybrid,0.6,0.0007317073170731707,0.347
man-q04,deep context,semantic,hybrid+rerank,1.0,0.0012195121951219512,0.632
man-q04,deep context,hierarchical,vector,1.0,0.0015060240963855422,0.632
man-q04,deep context,hierarchical,bm25,0.2,0.00030120481927710846,0.087
man-q04,deep context,hierarchical,hybrid,0.6,0.0009036144578313253,0.347
man-q04,deep context,hierarchical,hybrid+rerank,1.0,0.0015060240963855422,0.632
